meanHue, mom1, mom2, mom3, mom4, mom5, mom6, mom7,class
0.164433, 0.000691634,1.7963e-008,2.61047e-011,1.78746e-012,2.07109e-024,7.88063e-017,1.2033e-023,tazzina
0.145479, 0.000694974,1.99632e-008,2.73043e-011,2.19283e-012,6.63945e-024,1.63717e-016,1.56147e-023,tazzina
0.17986, 0.000736475,2.29216e-008,1.26684e-011,2.53715e-012,-1.87139e-024,-1.34328e-016,-1.42617e-023,tazzina
0.157321, 0.00075489,1.08651e-008,3.13011e-011,5.06573e-012,3.88154e-023,-5.02775e-016,-5.06196e-023,tazzina
0.119744, 0.000682525,2.51166e-008,2.80128e-011,7.17782e-013,-1.55821e-026,8.17352e-018,3.21856e-024,tazzina
0.153257, 0.000686964,1.97327e-008,2.3973e-011,9.81338e-013,5.609e-025,3.00824e-017,4.72664e-024,tazzina
0.167585, 0.000725145,5.40287e-010,2.31884e-011,2.77209e-012,-1.98551e-023,9.02609e-018,9.98668e-024,tazzina
0.174542, 0.000731644,2.15392e-009,3.45723e-011,3.15407e-012,-3.29294e-023,-4.5834e-017,6.58918e-025,tazzina
0.139821, 0.000727742,4.28326e-009,4.98552e-011,3.72905e-012,-4.74363e-023,-2.04115e-016,-1.83045e-023,tazzina
0.165903, 0.00072425,2.54588e-009,3.47074e-011,3.29679e-012,-3.38058e-023,-1.14408e-016,-1.00406e-023,tazzina
0.154224, 0.000722898,2.9908e-009,4.04103e-011,3.28798e-012,-3.43205e-023,-1.3007e-016,-1.60786e-023,tazzina
0.168867, 0.000732202,1.65055e-008,5.88129e-011,4.23734e-012,-4.39262e-023,-4.74649e-016,-5.04487e-023,tazzina
0.150778, 0.000750128,2.01859e-008,8.40586e-011,6.44128e-012,-7.81691e-023,-6.60935e-016,-1.27884e-022,tazzina
0.115166, 0.000751193,2.23303e-008,4.94035e-011,2.98465e-012,3.95981e-024,-4.41656e-016,3.60257e-023,tazzina
0.190768, 0.000768898,6.57384e-009,5.10823e-011,5.5738e-012,6.31623e-023,-4.06359e-016,6.96854e-023,tazzina
0.182644, 0.00076516,9.56718e-009,4.7602e-011,3.6246e-012,3.48368e-023,-3.54421e-016,3.24523e-023,tazzina
0.145763, 0.000802878,2.74094e-008,8.83097e-011,6.17019e-012,-5.17326e-023,-9.58724e-016,1.34418e-022,tazzina
0.180049, 0.000798368,9.48958e-009,7.56592e-011,6.05918e-012,8.05333e-023,-5.79219e-016,1.01711e-022,tazzina
0.110855, 0.000696579,2.56624e-009,2.78901e-011,9.19351e-013,1.64636e-024,-1.15944e-018,-4.35445e-024,tazzina
0.188335, 0.000822447,1.19732e-008,8.29949e-011,7.43881e-012,7.69638e-023,-7.37152e-016,1.68048e-022,tazzina
0.155216, 0.00076428,3.03927e-008,3.94359e-011,3.83775e-012,-1.76463e-023,-4.99235e-017,4.37912e-023,tazzina
0.116718, 0.00069841,1.67357e-009,2.61138e-011,1.06897e-012,1.37254e-024,-4.62491e-019,-5.47856e-024,tazzina
0.211626, 0.000818274,1.82488e-008,3.08733e-011,8.96011e-012,5.79297e-023,-1.10805e-015,1.37306e-022,tazzina
0.114617, 0.000710641,1.49133e-009,2.47765e-011,5.8895e-013,-1.13713e-024,3.41807e-018,-1.94124e-024,tazzina
0.115612, 0.000718785,7.97179e-010,3.3647e-011,1.40598e-012,-1.06256e-024,3.93248e-017,9.61177e-024,tazzina
0.121893, 0.000707289,9.74992e-010,2.64376e-011,6.9793e-013,-2.98499e-024,1.1534e-017,-2.78851e-025,tazzina
0.111202, 0.000705079,2.36304e-009,3.20011e-011,1.15526e-012,1.92116e-024,-2.09504e-017,-6.75644e-024,tazzina
0.12111, 0.00070978,8.65441e-010,2.8035e-011,1.01102e-012,7.9578e-025,-1.32666e-017,-5.32347e-024,tazzina
0.121014, 0.00070256,3.17368e-009,3.065e-011,7.96969e-013,-1.96891e-025,-1.79169e-018,-3.934e-024,tazzina
0.120055, 0.00070613,1.42036e-009,2.75516e-011,8.15737e-013,-4.67472e-025,-2.3096e-017,-3.83886e-024,tazzina
0.122153, 0.000703816,2.1616e-009,2.76178e-011,6.83222e-013,-1.75767e-024,-4.69087e-018,-2.39134e-024,tazzina
0.0545374, 0.000670822,8.4009e-009,8.28461e-012,1.03013e-012,-1.13435e-024,9.12139e-017,2.78738e-024,tazzina
0.0525975, 0.00066948,1.33148e-008,4.37176e-012,1.11215e-012,8.14181e-026,1.28297e-016,2.45095e-024,tazzina
0.130988, 0.000715244,1.49774e-008,1.6574e-011,3.81683e-012,2.13074e-023,2.58205e-016,2.16236e-023,tazzina
0.137153, 0.000716259,1.57562e-008,1.55616e-011,4.02186e-012,2.03584e-023,2.77799e-016,2.44519e-023,tazzina
0.146168, 0.000734057,3.07457e-009,1.42226e-011,6.39591e-012,5.30803e-023,2.80569e-016,3.0062e-023,tazzina
0.136461, 0.000737989,4.51934e-009,1.50979e-011,7.07087e-012,6.48975e-023,4.11947e-016,3.35526e-023,tazzina
0.145776, 0.000735592,4.16445e-009,1.36001e-011,6.50507e-012,5.24329e-023,3.30944e-016,3.15349e-023,tazzina
0.126076, 0.000718774,4.76091e-009,2.40749e-011,2.26482e-012,-1.56154e-023,-1.1929e-016,-5.98677e-024,tazzina
0.113265, 0.000716933,5.66167e-009,2.92668e-011,2.28526e-012,-1.76511e-023,-1.42167e-016,-6.14185e-024,tazzina
0.0983631, 0.000715501,2.67568e-008,8.68733e-011,3.07214e-012,-4.84106e-023,-4.98097e-016,1.32402e-023,tazzina
0.116318, 0.000725659,2.60474e-008,3.54493e-011,2.85205e-012,-1.15188e-023,-1.44456e-016,2.62623e-023,tazzina
0.131657, 0.000720899,2.58416e-008,2.54048e-011,2.537e-012,-9.68984e-024,-1.42849e-016,1.79149e-023,tazzina
0.180401, 0.000771077,1.3529e-008,2.0806e-011,5.11685e-012,2.25843e-023,2.54361e-016,4.77215e-023,tazzina
0.190543, 0.000766778,1.22535e-008,2.49606e-011,4.43986e-012,1.4283e-023,1.52285e-016,4.45034e-023,tazzina
0.156396, 0.000789365,7.35022e-009,4.73046e-011,6.34298e-012,7.31494e-023,3.32783e-016,8.19835e-023,tazzina
0.174682, 0.000765251,3.91637e-009,2.97447e-011,4.59267e-012,1.15958e-023,1.08537e-016,5.24113e-023,tazzina
0.182628, 0.000769229,5.6015e-009,3.19624e-011,5.54172e-012,6.13314e-024,-1.89473e-017,7.34987e-023,tazzina
0.166152, 0.000768282,2.31932e-009,3.38798e-011,3.87227e-012,1.64335e-023,6.90818e-017,4.11958e-023,tazzina
0.119553, 0.000721886,2.96739e-008,8.78429e-011,3.54773e-012,-6.0501e-023,-6.09653e-016,1.61889e-023,tazzina
0.174843, 0.000700879,1.14897e-008,2.54323e-011,2.36392e-012,2.26698e-024,1.48234e-016,-1.81884e-023,tazzina
0.12558, 0.00071131,1.70653e-008,6.61213e-011,2.63694e-012,-3.30737e-023,-3.37631e-016,1.08866e-023,tazzina
0.125468, 0.000713686,1.68362e-008,6.8842e-011,2.65787e-012,-3.56293e-023,-3.44856e-016,4.80867e-024,tazzina
0.12108, 0.000713644,1.78564e-008,7.08522e-011,2.77833e-012,-3.82817e-023,-3.71253e-016,7.34994e-024,tazzina
0.0987689, 0.000715188,6.89747e-009,1.83781e-011,2.25648e-012,1.169e-023,-1.11059e-016,8.63117e-024,tazzina
0.1071, 0.000724075,2.95398e-008,7.5134e-011,3.43159e-012,-5.50762e-023,-5.67429e-016,-1.65931e-024,tazzina
0.132781, 0.000729717,1.55947e-009,2.62001e-011,2.92528e-012,2.54866e-023,-9.21294e-017,2.50734e-024,tazzina
0.151696, 0.000725827,1.61081e-008,6.82368e-011,3.4801e-012,-4.6134e-023,-4.21974e-016,2.73439e-023,tazzina
0.125316, 0.000728734,1.67152e-009,2.50162e-011,2.45399e-012,1.86788e-023,-6.20633e-017,-4.56011e-024,tazzina
0.152189, 0.000723042,1.40197e-008,5.75172e-011,3.14556e-012,-3.70402e-023,-3.62941e-016,2.04493e-023,tazzina
0.136316, 0.000686622,1.81131e-008,2.58484e-011,1.78188e-012,2.14398e-024,3.48353e-017,1.19014e-023,tazzina
0.163323, 0.000745164,1.31673e-008,1.37346e-011,4.58353e-012,5.27505e-024,1.6054e-016,3.59824e-023,tazzina
0.119031, 0.000789436,4.76833e-008,5.02131e-011,3.92603e-011,1.73856e-021,8.49272e-015,1.26716e-022,tazzina
0.156153, 0.000756383,1.43623e-008,2.33419e-011,5.69089e-012,2.30856e-023,3.20324e-016,6.13932e-023,tazzina
0.133283, 0.000684751,1.93141e-008,2.46424e-011,1.5404e-012,5.92123e-025,7.41812e-018,9.47206e-024,tazzina
0.155709, 0.00074268,1.74384e-008,2.8671e-011,3.98964e-012,5.96025e-024,1.17372e-016,4.22516e-023,tazzina
0.137748, 0.000690045,2.07524e-008,3.13278e-011,1.78879e-012,2.11275e-024,2.02003e-017,1.3223e-023,tazzina
0.146753, 0.00074259,1.51649e-008,2.76238e-011,4.16213e-012,1.14856e-023,2.19811e-016,4.31255e-023,tazzina
0.196783, 0.000722941,2.60771e-008,6.77292e-013,6.15182e-013,-1.12021e-025,7.99049e-017,-3.80966e-025,tazzina
0.156824, 0.000769839,1.20087e-008,1.47964e-011,9.45725e-012,3.04734e-023,4.32374e-016,1.07643e-022,tazzina
0.194771, 0.000726445,2.25319e-008,1.72736e-012,2.4529e-012,-1.88334e-024,-3.50542e-016,-4.68468e-024,tazzina
0.131586, 0.000814722,2.11967e-008,1.39986e-011,2.73399e-011,5.24628e-022,3.14203e-015,1.04108e-022,tazzina
0.186559, 0.000743857,2.96679e-008,1.9559e-012,4.29339e-013,3.48985e-026,5.07211e-017,-3.91884e-025,tazzina
0.146155, 0.000779669,1.05424e-008,2.60449e-012,1.19315e-011,1.41243e-023,7.54628e-016,6.49957e-023,tazzina
0.19232, 0.000717785,3.09657e-008,8.70379e-013,1.54433e-012,1.48299e-024,1.2571e-016,1.00322e-024,tazzina
0.149825, 0.000741746,1.59229e-008,3.1521e-011,4.10222e-012,1.75282e-023,2.40946e-016,4.3229e-023,tazzina
0.174284, 0.000695876,2.74864e-008,2.99321e-013,8.90612e-013,4.12715e-025,8.08796e-017,2.02767e-025,tazzina
0.151551, 0.000743321,1.23517e-008,2.75991e-011,4.00638e-012,9.94924e-024,1.6952e-016,4.09367e-023,tazzina
0.184672, 0.000701016,3.05727e-008,8.51922e-013,6.27382e-013,4.05791e-025,5.32013e-017,2.13797e-025,tazzina
0.154314, 0.00074713,1.46515e-008,1.92866e-011,4.67784e-012,8.79514e-024,2.60046e-016,4.35528e-023,tazzina
0.18148, 0.000706287,3.01838e-008,4.24311e-013,7.68163e-013,4.33923e-025,7.16651e-017,6.35579e-026,tazzina
0.145855, 0.000745119,1.40081e-008,3.04686e-011,4.53058e-012,1.24353e-023,1.90597e-016,5.17572e-023,tazzina
0.160551, 0.000748833,1.91609e-008,2.91003e-011,5.17525e-012,2.56641e-023,3.27763e-016,5.80941e-023,tazzina
0.142452, 0.000743058,1.59737e-008,2.47288e-011,4.36318e-012,1.5731e-023,2.28253e-016,4.25041e-023,tazzina
0.134322, 0.00074582,1.61177e-008,2.74529e-011,4.66514e-012,1.86464e-023,2.51121e-016,4.93923e-023,tazzina
0.151178, 0.00075272,1.32325e-008,2.56653e-011,5.40681e-012,2.54437e-023,2.91317e-016,5.83891e-023,tazzina
0.149815, 0.000738734,1.6983e-008,2.49282e-011,3.827e-012,1.03602e-023,2.1609e-016,3.59151e-023,tazzina
0.143149, 0.00074836,1.72946e-008,2.43949e-011,4.70289e-012,1.47955e-023,3.15333e-016,4.81509e-023,tazzina
0.157825, 0.000742354,1.52349e-008,2.24139e-011,4.0085e-012,1.05531e-023,2.26775e-016,3.65005e-023,tazzina
0.172535, 0.000838648,1.3896e-008,2.54389e-011,4.31966e-012,4.07926e-023,-3.07881e-016,1.9657e-023,tazzina
0.21887, 0.000857635,5.88451e-009,5.42224e-011,1.0606e-011,2.21248e-022,4.86227e-016,1.25456e-022,tazzina
0.123021, 0.000723759,2.09908e-008,4.74003e-011,2.49796e-012,-2.64624e-023,-3.50626e-016,-6.20926e-024,tazzina
0.201012, 0.000716309,4.48341e-009,2.73661e-011,3.86451e-012,-2.99602e-023,-6.21335e-017,-2.61113e-023,tazzina
0.184515, 0.000713522,4.02568e-009,4.09755e-011,2.73935e-012,-2.15338e-023,-2.9223e-017,-1.94575e-023,tazzina
0.135765, 0.000722016,2.60073e-008,4.58481e-011,2.6666e-012,-2.20617e-023,-3.47508e-016,-1.9561e-023,tazzina
0.0781719, 0.000744382,4.75902e-009,8.73439e-012,2.98128e-012,-1.50207e-023,-1.60094e-016,-2.41256e-024,mela_gialla
0.0751988, 0.000742546,4.97312e-009,8.40509e-012,2.9019e-012,-1.42268e-023,-1.61953e-016,-1.73026e-024,mela_gialla
0.0765312, 0.000742839,4.42369e-009,7.11215e-012,3.00907e-012,-1.36619e-023,-1.49274e-016,-2.66997e-024,mela_gialla
0.0765256, 0.000750094,5.22803e-009,6.42422e-012,3.25111e-012,-1.48471e-023,-1.98609e-016,-5.68362e-025,mela_gialla
0.0648524, 0.000779639,7.18381e-009,4.12011e-013,2.55218e-012,-1.42976e-024,-1.02254e-017,-2.19203e-024,mela_gialla
0.0704455, 0.000788363,2.16427e-008,7.56452e-013,2.26501e-012,-2.74915e-024,-7.11848e-017,1.11005e-024,mela_gialla
0.0704909, 0.000793758,2.28099e-008,8.98981e-013,2.27391e-012,-2.71953e-024,-4.54953e-017,1.78159e-024,mela_gialla
0.0815223, 0.000732518,4.11624e-009,7.23005e-012,2.36301e-012,-9.72196e-024,-1.26925e-016,-9.38642e-025,mela_gialla
0.0669754, 0.000795746,1.97083e-008,6.99067e-013,2.51021e-012,-2.71964e-024,-1.03607e-016,1.91334e-024,mela_gialla
0.065832, 0.000795015,2.1525e-008,6.06725e-013,2.69325e-012,-3.0967e-024,-6.83181e-017,1.50443e-024,mela_gialla
0.0675988, 0.000777082,9.95337e-009,5.65835e-012,3.16564e-012,-9.9897e-024,-2.87944e-016,8.92805e-024,mela_gialla
0.0670041, 0.000796823,2.22998e-008,8.68286e-013,2.61433e-012,-3.70583e-024,-4.57236e-017,1.33473e-024,mela_gialla
0.0686542, 0.000783521,1.0324e-008,6.25797e-012,3.45993e-012,-1.17472e-023,-3.20348e-016,1.10092e-023,mela_gialla
0.0676666, 0.000800589,2.20805e-008,6.97992e-013,2.79519e-012,-3.22838e-024,-1.13094e-016,2.19568e-024,mela_gialla
0.0663026, 0.000809278,1.05026e-008,7.08806e-012,5.77136e-012,-1.67719e-023,-4.8984e-016,3.28828e-023,mela_gialla
0.0724778, 0.000811611,2.64538e-008,4.67382e-013,2.97085e-012,-1.48278e-024,-2.259e-016,3.17118e-024,mela_gialla
0.0798112, 0.000751263,8.91842e-009,1.35244e-012,3.35865e-012,-5.27032e-024,-3.14124e-016,4.84398e-024,mela_gialla
0.0749369, 0.000741715,4.58716e-009,2.63785e-012,2.27631e-012,-4.3395e-024,-4.84738e-017,3.50455e-024,mela_gialla
0.0813253, 0.000755588,1.56418e-008,7.38821e-012,3.6633e-012,-1.61358e-023,-3.94944e-016,1.01412e-023,mela_gialla
0.0775506, 0.00074051,4.15872e-009,2.54116e-012,2.28097e-012,-3.85313e-024,-4.56701e-017,3.91289e-024,mela_gialla
0.0856556, 0.000755368,1.11423e-008,3.18377e-012,3.76246e-012,-7.31041e-024,-3.65794e-016,1.07764e-023,mela_gialla
0.0756979, 0.000743078,4.87421e-009,2.00947e-012,2.36621e-012,-3.70494e-024,-3.12014e-017,3.59102e-024,mela_gialla
0.0772507, 0.000746464,8.94118e-009,5.56529e-012,2.91806e-012,-1.06324e-023,-2.37951e-016,5.02352e-024,mela_gialla
0.0722923, 0.000739424,4.84382e-009,2.29036e-012,2.35758e-012,-3.78906e-024,-5.36461e-017,3.95672e-024,mela_gialla
0.0846417, 0.00075917,1.43278e-009,1.24941e-011,2.79037e-012,-4.16592e-024,-1.05361e-016,1.59404e-023,mela_gialla
0.0835522, 0.00073857,1.86101e-008,5.53958e-012,2.38913e-012,-8.46372e-024,-3.2517e-016,-1.97714e-024,mela_gialla
0.075082, 0.000738742,4.72267e-009,4.07691e-012,2.28287e-012,-5.36391e-024,-5.0117e-017,4.44207e-024,mela_gialla
0.0892089, 0.000731531,1.53893e-008,6.70624e-012,1.81431e-012,-5.21335e-024,-2.23756e-016,-3.58778e-024,mela_gialla
0.0747896, 0.00074164,6.03876e-009,3.04074e-012,2.31414e-012,-5.41522e-024,-6.04724e-017,2.89111e-024,mela_gialla
0.0650081, 0.000752389,6.42839e-008,4.79691e-011,3.50259e-012,-4.53688e-023,-8.85059e-016,-1.70739e-024,mela_gialla
0.0719994, 0.000733418,2.08142e-008,9.28627e-012,1.92028e-012,-5.99108e-024,-1.05928e-016,-5.46469e-024,mela_gialla
0.0672339, 0.000740948,5.91234e-008,3.52669e-011,2.53471e-012,-2.28492e-023,-6.12112e-016,-7.22721e-024,mela_gialla
0.0831894, 0.000731468,1.58689e-008,3.70978e-012,1.80927e-012,-3.68773e-024,-5.76713e-017,-2.89345e-024,mela_gialla
0.0628035, 0.000744572,6.13822e-008,4.03139e-011,2.92549e-012,-3.1079e-023,-7.24299e-016,-6.59292e-024,mela_gialla
0.083111, 0.000732034,1.46397e-008,5.01334e-012,1.85822e-012,-4.31179e-024,-5.33194e-017,-3.68454e-024,mela_gialla
0.0727574, 0.000733677,1.34479e-008,4.70058e-012,2.05083e-012,-5.80897e-024,-7.50222e-017,-2.60793e-024,mela_gialla
0.0785352, 0.000686208,1.52658e-008,2.92394e-012,4.61188e-013,4.90551e-025,4.71502e-017,-2.14881e-025,mela_gialla
0.0841183, 0.000697125,1.09729e-008,2.58632e-012,8.87456e-013,8.65999e-025,7.59361e-017,-1.02846e-024,mela_gialla
0.0747702, 0.000738937,3.02395e-009,8.19445e-012,2.40147e-012,-8.2461e-024,-1.32058e-016,6.74463e-024,mela_gialla
0.0790769, 0.000695576,9.34311e-009,2.83776e-012,7.18222e-013,5.03817e-025,5.42645e-017,-8.93046e-025,mela_gialla
0.0761519, 0.000684687,1.34467e-008,2.24214e-012,4.48212e-013,4.23121e-025,4.70065e-017,-1.51186e-025,mela_gialla
0.0694091, 0.000734371,4.63608e-010,3.50987e-012,1.29503e-012,-1.8597e-024,-1.15971e-017,-2.04072e-024,mela_gialla
0.066814, 0.00075342,1.60587e-009,3.68011e-012,1.78718e-012,-3.82069e-024,-2.72603e-017,-2.53169e-024,mela_gialla
0.0840308, 0.000734912,2.75656e-009,7.18741e-012,2.12465e-012,-7.01428e-024,-1.10355e-016,4.44235e-024,mela_gialla
0.0635988, 0.000765454,1.36653e-009,2.09511e-012,1.61533e-012,-2.36074e-024,-7.83504e-018,-1.80487e-024,mela_gialla
0.0663955, 0.000759505,3.72014e-009,1.00775e-011,1.58326e-012,-2.60042e-024,-8.28524e-017,5.76483e-024,mela_gialla
0.0823716, 0.00077119,1.47985e-009,8.66998e-012,1.04096e-012,-9.93457e-025,-3.38287e-017,2.96524e-024,mela_gialla
0.0662472, 0.000747871,9.37078e-009,7.28573e-012,1.52066e-012,-4.31407e-024,-1.46743e-016,2.64728e-024,mela_gialla
0.0593153, 0.000753905,1.21544e-008,1.5817e-011,2.10955e-012,-7.85992e-024,-2.15583e-016,9.31182e-024,mela_gialla
0.0826332, 0.00076978,6.05565e-009,9.72214e-012,4.24097e-012,-1.20866e-023,-2.96712e-016,2.44027e-023,mela_gialla
0.0755594, 0.000765237,4.59794e-009,1.08733e-011,4.02868e-012,-1.21258e-023,-2.24064e-016,2.37473e-023,mela_gialla
0.0787371, 0.000798171,8.68091e-008,3.96727e-011,2.72081e-012,-2.63524e-023,-7.70598e-016,-1.02288e-023,mela_gialla
0.0754987, 0.000793327,5.01778e-009,1.40608e-012,4.19605e-012,6.20373e-025,-2.96051e-016,1.01733e-023,mela_gialla
0.067272, 0.000789837,5.46191e-009,2.51058e-012,3.87154e-012,-1.01319e-024,-2.85914e-016,1.20275e-023,mela_gialla
0.0866882, 0.000806984,4.59505e-009,4.10056e-012,7.63326e-012,4.41277e-024,-5.16962e-016,4.24772e-023,mela_gialla
0.0850112, 0.000816092,2.28933e-009,4.28236e-012,9.01287e-012,-8.29306e-024,-4.28426e-016,5.53759e-023,mela_gialla
0.0953575, 0.000760828,2.96167e-008,1.81606e-011,3.47371e-012,-2.75874e-023,-5.97775e-016,3.95954e-025,mela_gialla
0.0870721, 0.000784264,8.25219e-009,7.37966e-012,5.56019e-012,-1.29578e-023,-4.75496e-016,3.31758e-023,mela_gialla
0.0822033, 0.00079257,1.19817e-008,1.13511e-011,6.35752e-012,-3.51211e-023,-5.61111e-016,4.10276e-023,mela_gialla
0.0863031, 0.000785771,2.77883e-008,2.62669e-011,5.12069e-012,-5.69874e-023,-8.4395e-016,1.67137e-023,mela_gialla
0.0810401, 0.000779791,2.02085e-008,1.94102e-011,4.79191e-012,-4.2235e-023,-6.61137e-016,1.87611e-023,mela_gialla
0.0789271, 0.000784439,2.08595e-008,2.30375e-011,5.45995e-012,-5.44624e-023,-7.20549e-016,2.79929e-023,mela_gialla
0.0695704, 0.000798528,2.80703e-008,2.02155e-011,5.58572e-012,-5.52201e-023,-9.0059e-016,2.17671e-023,mela_gialla
0.0885762, 0.000795313,3.21631e-008,1.85892e-011,4.91609e-012,-4.64435e-023,-8.7458e-016,7.18445e-024,mela_gialla
0.293257, 0.00132703,2.52791e-008,1.067e-012,8.8425e-011,1.52154e-022,-9.79519e-015,8.45318e-022,mela_rossa
0.253168, 0.00124866,2.98843e-008,1.82759e-011,6.1329e-011,8.57034e-022,-6.10621e-015,1.86581e-021,mela_rossa
0.254888, 0.00168177,2.35114e-007,2.96258e-010,1.82988e-010,-2.52671e-020,-6.92999e-014,3.43052e-020,mela_rossa
0.236581, 0.00121863,2.52041e-008,2.63294e-011,5.47356e-011,7.91598e-022,-4.61303e-015,1.92121e-021,mela_rossa
0.242159, 0.00167178,2.26877e-007,3.059e-010,1.74891e-010,-2.33511e-020,-6.67764e-014,3.30316e-020,mela_rossa
0.255747, 0.00136194,3.48965e-008,2.1844e-011,1.16383e-010,1.55007e-021,-3.84011e-015,5.65974e-021,mela_rossa
0.253757, 0.00171107,1.31218e-007,7.39076e-010,5.83134e-010,3.00623e-019,-3.09602e-016,2.3702e-019,mela_rossa
0.245371, 0.00123222,2.87384e-008,2.20417e-011,5.30311e-011,4.2126e-022,-4.47882e-015,1.76347e-021,mela_rossa
0.24285, 0.00124432,3.01114e-008,2.84279e-011,5.83138e-011,7.85912e-022,-5.33708e-015,2.24042e-021,mela_rossa
0.26598, 0.00135057,4.22706e-008,1.88656e-011,1.05784e-010,-9.32528e-022,-7.37411e-015,4.63279e-021,mela_rossa
0.256026, 0.00138638,4.40892e-008,1.82548e-011,1.25816e-010,-2.02905e-021,-6.35062e-015,5.67796e-021,mela_rossa
0.241498, 0.00219539,3.49705e-007,1.11197e-009,1.47794e-009,1.29844e-018,3.71517e-013,1.37976e-018,mela_rossa
0.265958, 0.00133284,2.53544e-008,4.28376e-012,9.24915e-011,9.65705e-023,-5.42977e-015,1.83851e-021,mela_rossa
0.238245, 0.0020067,2.27091e-007,4.11457e-010,7.25454e-010,2.03293e-019,-2.20151e-015,3.40241e-019,mela_rossa
0.210302, 0.00129832,3.42235e-008,6.24266e-011,1.10634e-010,5.92893e-021,9.46489e-015,7.02733e-021,mela_rossa
0.26923, 0.00170694,2.72075e-007,1.01359e-010,1.77346e-010,-7.86714e-021,-5.64383e-014,2.24382e-020,mela_rossa
0.26765, 0.00171416,3.09122e-007,1.99741e-010,1.75004e-010,-4.95881e-021,-4.78464e-014,3.23414e-020,mela_rossa
0.128848, 0.00090837,2.45741e-008,7.33612e-012,1.81437e-011,-1.62297e-022,-2.72355e-015,-1.322e-022,mela_rossa
0.299681, 0.00150935,2.06768e-007,9.4734e-011,1.01392e-010,-9.11083e-021,-4.47144e-014,-3.96705e-021,mela_rossa
0.123358, 0.00090996,2.45241e-008,6.96612e-012,1.85001e-011,-1.70789e-022,-2.76826e-015,-1.22224e-022,mela_rossa
0.315556, 0.00152826,2.12027e-007,9.84198e-011,1.12504e-010,-1.06165e-020,-4.96122e-014,-5.23825e-021,mela_rossa
0.11544, 0.000910578,2.44996e-008,7.50732e-012,1.87264e-011,-1.75393e-022,-2.80487e-015,-1.36152e-022,mela_rossa
0.312806, 0.00151748,2.0527e-007,7.71203e-011,1.09213e-010,-8.50128e-021,-4.76357e-014,-5.30932e-021,mela_rossa
0.116746, 0.000908355,2.41105e-008,6.14013e-012,1.83426e-011,-1.62666e-022,-2.72659e-015,-1.06925e-022,mela_rossa
0.298039, 0.00151237,2.05763e-007,9.16876e-011,1.10332e-010,-8.80876e-021,-4.74782e-014,-6.74915e-021,mela_rossa
0.225857, 0.00141792,8.61131e-008,3.96724e-011,5.20303e-011,-2.36389e-021,-1.52683e-014,-6.09631e-024,mela_rossa
0.134203, 0.000989922,5.79267e-008,2.61979e-011,3.1325e-011,-3.89964e-022,-5.87888e-015,-8.08203e-022,mela_rossa
0.248457, 0.00208099,2.24218e-007,4.08176e-010,9.24535e-010,2.29694e-019,5.71562e-014,5.19428e-019,mela_rossa
0.225134, 0.00147983,1.31789e-007,8.78377e-011,4.8439e-011,-3.14632e-021,-1.75497e-014,-2.895e-022,mela_rossa
0.146684, 0.000937421,5.66329e-008,2.50539e-011,2.22314e-011,-4.25188e-022,-5.04669e-015,-3.07401e-022,mela_rossa
0.223167, 0.00148904,1.30046e-007,8.0497e-011,5.13486e-011,-3.28209e-021,-1.84463e-014,-3.55406e-022,mela_rossa
0.231601, 0.00183384,1.79708e-007,3.18741e-010,4.50012e-010,8.26147e-020,-2.44154e-014,1.49072e-019,mela_rossa
0.287018, 0.00149726,1.75742e-007,1.28264e-010,3.13503e-011,-1.49028e-021,-1.20936e-014,-1.31574e-021,mela_rossa
0.136535, 0.00099107,9.94953e-008,6.26182e-011,2.89193e-011,-1.05244e-021,-9.01912e-015,-6.37843e-022,mela_rossa
0.230579, 0.00149576,1.58416e-007,9.39328e-011,4.40941e-011,-2.61431e-021,-1.70818e-014,-1.10381e-021,mela_rossa
0.128199, 0.000986437,9.41244e-008,5.81583e-011,2.85575e-011,-1.02596e-021,-8.69969e-015,-5.49443e-022,mela_rossa
0.150839, 0.00100968,9.80994e-008,5.22318e-011,3.12957e-011,-1.0831e-021,-9.748e-015,-6.54125e-022,mela_rossa
0.2723, 0.0018233,6.42467e-007,7.21923e-010,1.9547e-010,-5.98078e-020,-1.18413e-013,-4.26004e-020,mela_rossa
0.145967, 0.00104025,1.13558e-007,8.04857e-011,3.79244e-011,-1.89158e-021,-1.27411e-014,-9.01122e-022,mela_rossa
0.296079, 0.00180581,6.46671e-007,6.16022e-010,1.81518e-010,-4.13138e-020,-1.04766e-013,-4.4469e-020,mela_rossa
0.252833, 0.00191672,1.89616e-007,3.8216e-010,5.47487e-010,1.4224e-019,3.10822e-014,2.06112e-019,mela_rossa
0.242634, 0.00202201,1.70072e-007,1.96524e-010,7.33146e-010,8.85988e-020,-5.42306e-014,2.63807e-019,mela_rossa
0.143212, 0.00103538,8.25955e-008,5.57598e-011,3.59001e-011,-1.42101e-021,-1.03076e-014,-7.48764e-022,mela_rossa
0.206735, 0.00223418,1.15055e-006,1.09827e-009,6.29287e-010,-5.13498e-019,-5.54451e-013,-1.00039e-019,mela_rossa
0.247495, 0.00213651,2.05521e-007,7.43321e-010,1.37112e-009,1.05466e-018,1.53125e-013,8.965e-019,mela_rossa
0.246431, 0.00160289,1.4359e-007,3.52297e-010,2.65783e-010,4.0618e-020,-3.96761e-014,7.04596e-020,mela_rossa
0.224899, 0.00182021,1.65029e-007,4.48443e-010,7.90905e-010,1.44586e-019,-2.57131e-013,4.4828e-019,mela_rossa
0.220873, 0.00182173,2.11184e-007,5.12152e-010,7.25824e-010,1.20892e-019,-2.67013e-013,4.257e-019,mela_rossa
0.232035, 0.00171644,3.12959e-007,4.90137e-010,2.68497e-010,-7.81681e-020,-1.4783e-013,5.8111e-020,mela_rossa
0.274563, 0.00169939,2.48779e-007,5.11917e-010,3.3473e-010,6.48684e-021,-1.11392e-013,1.38409e-019,mela_rossa
0.24919, 0.00172542,2.72754e-007,6.59888e-010,3.37708e-010,1.71397e-020,-1.20616e-013,1.58497e-019,mela_rossa
0.280727, 0.00146691,9.54399e-008,1.11935e-010,2.66191e-011,-1.2726e-021,-7.59337e-015,7.01263e-022,mela_rossa
0.275852, 0.00146386,9.3488e-008,1.22624e-010,2.44064e-011,-1.22877e-021,-6.98934e-015,5.22351e-022,mela_rossa
0.241417, 0.00212006,2.10934e-007,6.0627e-010,1.1316e-009,7.45597e-019,1.03723e-013,5.67965e-019,mela_rossa
0.225955, 0.00175641,1.1044e-007,6.84595e-010,4.05749e-010,2.09207e-019,1.80134e-014,4.43049e-020,mela_rossa
0.232567, 0.00178192,1.52626e-007,4.26513e-010,4.90883e-010,2.18521e-019,4.85069e-014,5.19542e-020,mela_rossa
0.223785, 0.00169077,1.54575e-007,6.89066e-010,3.24489e-010,1.19908e-019,-5.59082e-015,9.57334e-020,mela_rossa
0.241468, 0.0016022,8.55986e-008,2.90613e-010,2.33149e-010,4.21647e-020,-2.4902e-014,4.36491e-020,mela_rossa
0.234566, 0.00163066,1.20572e-007,2.58191e-010,2.35138e-010,3.95463e-020,-4.47495e-014,4.2341e-020,mela_rossa
0.235412, 0.00173988,1.48668e-007,4.58128e-010,2.47101e-010,1.60538e-020,-6.64106e-014,8.15742e-020,mela_rossa
0.2374, 0.00124537,2.05678e-008,1.92121e-011,6.1323e-011,1.63463e-021,2.20133e-016,1.32606e-021,mela_rossa
0.255966, 0.00177367,2.14327e-007,2.37504e-010,2.51003e-010,5.01765e-021,-4.49917e-014,6.10794e-020,mela_rossa
0.250318, 0.00125706,2.44726e-008,1.31201e-011,6.14144e-011,1.11717e-021,-3.20789e-016,1.3383e-021,mela_rossa
0.239425, 0.00177736,2.15935e-007,2.62366e-010,2.69925e-010,1.79461e-020,-4.56833e-014,6.9554e-020,mela_rossa
0.235332, 0.0012544,2.68772e-008,2.4104e-011,7.02883e-011,2.24932e-021,8.38069e-016,1.81957e-021,mela_rossa
0.233854, 0.00178131,1.95501e-007,2.08129e-010,2.78528e-010,9.71242e-021,-4.83912e-014,6.63537e-020,mela_rossa
0.0558032, 0.000729488,1.0184e-007,3.3563e-011,1.20678e-012,7.66147e-024,3.83739e-016,-5.36117e-025,bicchiere
0.0429897, 0.000706525,7.71216e-008,3.04571e-011,1.1385e-012,6.64205e-024,3.12269e-016,-9.10296e-025,bicchiere
0.0273085, 0.000732611,1.09031e-007,3.3397e-011,1.30353e-012,7.84081e-024,3.87962e-016,3.53476e-024,bicchiere
0.0447122, 0.000722678,9.5024e-008,3.51049e-011,1.3986e-012,9.70724e-024,4.27787e-016,1.34471e-024,bicchiere
0.0468809, 0.000723992,9.60339e-008,3.46473e-011,1.39959e-012,9.7182e-024,4.32684e-016,7.38907e-025,bicchiere
0.0403904, 0.00072922,1.00027e-007,3.64953e-011,1.12991e-012,5.94942e-024,2.94785e-016,4.1535e-024,bicchiere
0.0373792, 0.000731156,1.01446e-007,3.83554e-011,1.22893e-012,6.48148e-024,3.02382e-016,5.40166e-024,bicchiere
0.051669, 0.000663477,9.53324e-009,3.42191e-011,9.57903e-017,2.14896e-032,-9.3525e-021,5.4842e-030,bicchiere
0.0516849, 0.000664868,9.97946e-009,3.50585e-011,3.09799e-015,-5.44409e-029,-3.09407e-019,1.01953e-027,bicchiere
0.0626912, 0.000666191,1.13819e-008,3.41596e-011,1.50998e-015,-1.01e-028,4.31058e-020,-3.27726e-028,bicchiere
0.065004, 0.000662376,8.57408e-009,3.22904e-011,1.60017e-017,-6.56876e-032,8.66629e-022,-3.57757e-031,bicchiere
0.0655817, 0.000667569,1.13968e-008,3.37727e-011,1.88436e-014,-1.50313e-026,-1.08029e-018,1.78123e-028,bicchiere
0.050351, 0.000664148,8.44124e-009,3.6374e-011,8.8714e-015,4.32824e-027,-5.36829e-019,2.58118e-027,bicchiere
0.0616203, 0.00074201,1.13452e-007,2.91879e-011,2.51203e-012,2.09783e-023,8.32251e-016,-4.7529e-024,bicchiere
0.0457176, 0.000665523,1.24518e-008,3.24691e-011,6.28717e-015,2.8357e-027,7.00524e-019,1.67642e-028,bicchiere
0.0499226, 0.000662563,1.03098e-008,2.92224e-011,3.10641e-015,-8.12388e-028,-2.38807e-019,4.64763e-028,bicchiere
0.0581896, 0.000661071,8.16336e-009,3.22226e-011,6.36789e-016,-8.96602e-029,5.70909e-020,1.6778e-029,bicchiere
0.0504519, 0.00066405,1.06986e-008,3.32989e-011,1.11024e-015,1.00798e-028,8.40607e-020,-1.88176e-028,bicchiere
0.0483292, 0.000664677,1.19915e-008,3.02269e-011,3.35813e-015,8.92084e-028,3.38323e-019,5.90651e-028,bicchiere
0.0467474, 0.000663626,1.11777e-008,3.2178e-011,1.62321e-015,2.47767e-028,1.41857e-019,2.761e-028,bicchiere
0.0445287, 0.000667806,1.47631e-008,3.28711e-011,1.00159e-014,3.34719e-027,9.80413e-019,-4.67169e-027,bicchiere
0.0577274, 0.000726752,1.00822e-007,3.19159e-011,1.34856e-012,8.84292e-024,4.28171e-016,2.77972e-025,bicchiere
0.063106, 0.000735415,1.02073e-007,2.94544e-011,2.35536e-012,1.70578e-023,6.8684e-016,-9.69068e-024,bicchiere
0.0528405, 0.000732867,1.01597e-007,3.06981e-011,1.74999e-012,1.20345e-023,5.39901e-016,-4.43735e-024,bicchiere
0.058554, 0.000719568,9.40918e-008,2.6459e-011,1.09824e-012,5.82199e-024,3.32336e-016,1.07347e-024,bicchiere
0.0869109, 0.000733994,4.82001e-008,1.31972e-010,1.80454e-012,-2.78188e-023,-3.91979e-016,1.26961e-024,bicchiere
0.0757424, 0.000735781,5.24582e-008,1.32875e-010,2.00214e-012,-3.20187e-023,-4.34554e-016,-6.41965e-024,bicchiere
