meanHue, mom1, mom2, mom3, mom4, mom5, mom6, mom7,stdDevHue,entropy,area,distance,class
0.046135, 0.00243138,4.845e-008,1.22376e-010,3.1175e-010,3.34319e-020,-6.68581e-014,5.08932e-020,43.8282,4.54863,21177,396,mela_rossa
0.0626733, 0.00302512,3.47072e-007,1.29493e-009,1.63764e-009,2.38374e-018,6.95595e-013,7.02942e-020,51.3804,3.89625,17498,696,mela_rossa
0.0427982, 0.00243078,4.16709e-008,9.22714e-011,3.10628e-010,3.48015e-020,-5.99903e-014,3.94266e-020,41.37,4.6241,21343.5,398,mela_rossa
0.0648987, 0.00302761,3.53155e-007,1.77974e-009,1.80138e-009,3.22533e-018,7.58231e-013,2.4969e-020,52.7269,3.95783,17346,701,mela_rossa
0.0556625, 0.00248047,5.32061e-008,8.73111e-011,3.30334e-010,3.64043e-020,-7.51426e-014,4.26846e-020,50.0465,4.52699,21287,389,mela_rossa
0.0892697, 0.00308764,2.99377e-007,1.19979e-009,1.94931e-009,2.96969e-018,7.66248e-013,-2.60379e-019,61.674,4.00158,17590,701,mela_rossa
0.0601014, 0.00249944,5.15414e-008,1.14052e-010,3.51599e-010,4.23126e-020,-7.90335e-014,5.62757e-020,52.0365,4.6115,21265.5,390,mela_rossa
0.0880447, 0.00307363,3.07488e-007,1.45261e-009,1.97294e-009,3.33616e-018,7.71186e-013,-1.60119e-019,61.5092,3.93177,17594.5,701,mela_rossa
0.0678106, 0.00316813,3.34547e-007,1.55796e-009,2.21545e-009,4.11327e-018,8.24283e-013,1.48506e-019,53.9869,3.93256,17609.5,696,mela_rossa
0.0503227, 0.00210172,4.57504e-008,1.0349e-010,3.84847e-010,7.25086e-020,-3.2508e-015,2.53241e-020,46.8417,4.5974,11439.5,769,mela_rossa
0.0719714, 0.00314358,3.5743e-007,1.38075e-009,2.01689e-009,3.34326e-018,8.55685e-013,3.88379e-019,55.2962,3.86232,17554.5,698,mela_rossa
0.0419025, 0.00207536,4.51361e-008,1.09904e-010,3.61287e-010,6.68721e-020,3.33667e-015,2.66646e-020,42.5885,4.51229,11511,774,mela_rossa
0.0715487, 0.00313638,3.78328e-007,1.69253e-009,2.05513e-009,3.82786e-018,8.45254e-013,1.96788e-019,55.4013,3.86684,17520.5,705,mela_rossa
0.0465759, 0.00208625,4.49574e-008,1.09685e-010,3.80084e-010,7.33176e-020,7.81062e-015,2.54391e-020,45.0042,4.51746,11478.5,767,mela_rossa
0.0731643, 0.00298451,5.47083e-008,1.29024e-009,1.79299e-009,2.65829e-018,3.51203e-013,6.08738e-019,57.4787,4.03295,15667.5,753,mela_rossa
0.0460051, 0.00200353,3.98671e-008,1.0904e-010,2.86133e-010,4.75344e-020,7.63936e-015,1.71728e-020,44.3293,4.5624,11347,773,mela_rossa
0.0737278, 0.0030729,4.0918e-008,1.25403e-009,2.12778e-009,3.39257e-018,3.36006e-013,7.55637e-019,58.0484,4.06175,15854.5,749,mela_rossa
0.0469624, 0.00204059,4.15377e-008,1.12851e-010,3.23579e-010,5.86801e-020,1.39469e-014,1.94941e-020,44.5482,4.64039,11456.5,773,mela_rossa
0.0665756, 0.00304878,5.16234e-008,1.43743e-009,2.03504e-009,3.42793e-018,3.13118e-013,6.03158e-019,55.3903,4.04976,15771,759,mela_rossa
0.0432447, 0.00203339,4.45652e-008,1.2736e-010,3.13063e-010,5.9681e-020,1.21957e-014,1.86001e-020,43.0438,4.57247,11410,768,mela_rossa
0.0789938, 0.00212703,8.23956e-008,2.53795e-010,7.34907e-010,3.12788e-019,9.32972e-014,5.38388e-020,60.615,4.58903,10369,739,mela_rossa
0.0533099, 0.00260029,3.61312e-008,6.62537e-010,1.73493e-009,1.8424e-018,1.05163e-013,2.55693e-019,50.1023,4.21102,12686,750,mela_rossa
0.0806096, 0.00294666,2.97603e-007,3.35062e-009,5.21412e-009,2.17057e-017,1.89506e-012,-1.95775e-018,60.6626,4.20376,13215,671,mela_rossa
0.0519262, 0.00317108,2.33465e-008,8.20359e-010,1.53434e-009,1.6011e-018,1.08596e-013,6.32252e-019,47.8877,4.24671,13122.5,724,mela_rossa
0.0542235, 0.00213337,1.0188e-007,2.94952e-011,1.3682e-010,-7.76116e-021,-3.77652e-014,-3.9127e-021,46.8794,4.74267,17954,479,mela_rossa
0.0840308, 0.001844,1.72598e-008,1.38344e-011,1.0255e-010,3.53147e-021,-2.86891e-016,-1.56483e-021,61.8328,5.11789,17809,477,mela_rossa
0.0660535, 0.00428744,8.20469e-008,5.81132e-009,1.26022e-008,9.78587e-017,-9.55022e-013,4.53269e-017,54.3426,4.1067,15301.5,767,mela_rossa
0.0724712, 0.00510552,1.17552e-007,3.98661e-009,1.51178e-008,5.32177e-017,-5.00532e-012,-1.04605e-016,55.6582,4.00071,17782.5,711,mela_rossa
0.0631575, 0.00387672,2.92103e-007,2.49305e-009,6.30347e-009,1.52905e-017,-2.78975e-012,-1.97638e-017,51.4257,4.33314,24869,421,mela_rossa
0.0695022, 0.00224281,5.11292e-008,1.2447e-010,2.55008e-010,4.37137e-020,5.73976e-014,-1.23772e-020,56.258,4.44118,20298,491,mela_rossa
0.061946, 0.00250296,1.55865e-007,8.81371e-010,1.21818e-009,1.25848e-018,3.17324e-013,-9.75289e-020,53.0455,4.39889,12520,671,mela_rossa
0.0855529, 0.00262349,1.04728e-007,2.47932e-010,1.41617e-009,6.92178e-019,-2.52011e-013,-4.74413e-019,62.7729,4.36967,9425,819,mela_rossa
0.0866712, 0.00250429,6.97736e-008,3.22591e-010,1.14998e-009,6.37355e-019,-8.85866e-014,-2.90463e-019,62.9528,4.3612,9270,819,mela_rossa
0.069117, 0.00234554,5.29826e-008,3.14825e-010,8.21268e-010,3.65994e-019,4.35689e-015,-2.01095e-019,56.028,4.45516,9214.5,818,mela_rossa
0.0760776, 0.00232783,6.84539e-008,3.52107e-010,7.63987e-010,3.51361e-019,6.39407e-015,-1.83186e-019,59.3841,4.38612,9127,819,mela_rossa
0.0726046, 0.0024379,8.44084e-008,3.48109e-010,1.04357e-009,5.33462e-019,-5.09017e-014,-3.3322e-019,57.8242,4.3218,9196.5,814,mela_rossa
0.0942172, 0.00275877,2.96237e-007,8.02958e-010,1.3116e-009,1.10707e-018,4.18264e-014,-7.65593e-019,64.1124,4.16522,9687,811,mela_rossa
0.084635, 0.0039272,6.67428e-007,3.35296e-009,6.5209e-009,3.02723e-017,1.73733e-013,-3.64799e-018,62.0308,4.17424,12081,798,mela_rossa
0.100584, 0.00321083,9.02722e-007,3.94762e-009,5.56737e-009,2.5706e-017,3.82994e-012,4.51897e-018,66.1207,3.95634,8271,885,mela_rossa
0.0716497, 0.00290928,3.06679e-007,7.24027e-010,1.76226e-009,1.45831e-018,-1.27114e-013,-1.35491e-018,56.6311,4.20994,9810.5,807,mela_rossa
0.082598, 0.00307302,4.13139e-007,7.84132e-010,2.44819e-009,2.28262e-018,-3.93422e-013,-2.5091e-018,60.0169,4.3705,9922.5,810,mela_rossa
0.0750081, 0.00178184,1.84237e-008,7.40665e-011,1.09817e-010,8.89399e-021,-1.43855e-015,-4.35749e-021,59.3814,4.56049,12509.5,606,mela_rossa
0.101463, 0.00287506,9.65809e-008,2.83792e-009,1.79342e-009,4.04424e-018,5.36186e-013,1.18624e-019,66.3655,3.98097,11281,831,mela_rossa
0.0610808, 0.00178767,2.03738e-008,7.37654e-011,1.09103e-010,8.67363e-021,-3.4011e-015,-4.53516e-021,52.8504,4.63664,12459.5,611,mela_rossa
0.0807073, 0.00249881,1.05975e-007,2.0084e-009,1.40806e-009,2.26751e-018,3.28697e-013,-6.8204e-019,59.9264,3.94629,11077,830,mela_rossa
0.0578349, 0.00180159,1.79287e-008,7.63843e-011,1.19129e-010,1.04825e-020,-2.59037e-015,-4.3883e-021,51.2208,4.56782,12565,608,mela_rossa
0.074962, 0.00250266,9.64318e-008,1.77348e-009,1.36554e-009,2.02677e-018,2.86556e-013,-6.38808e-019,57.2307,3.98645,11035,831,mela_rossa
0.0794853, 0.00298572,4.14695e-007,8.96617e-010,2.28966e-009,1.70188e-018,-5.72294e-013,-2.80469e-018,58.3974,4.27891,9467.5,824,mela_rossa
0.0767441, 0.00320839,8.48844e-008,1.08605e-009,5.00738e-009,1.03871e-017,-6.12533e-013,-5.33531e-018,59.2113,4.03857,10893.5,862,mela_rossa
0.0799335, 0.00298423,3.87882e-007,7.39955e-010,2.30394e-009,1.39665e-018,-5.50822e-013,-2.66434e-018,59.3219,4.3079,9441,825,mela_rossa
0.091306, 0.00319324,9.39285e-008,4.73381e-010,4.40913e-009,5.58674e-018,-9.81382e-013,-3.06013e-018,63.7383,4.03583,11065.5,866,mela_rossa
0.0816081, 0.00276923,4.06302e-007,1.50388e-009,1.61058e-009,2.48592e-018,6.81107e-013,-3.21136e-019,60.9533,4.16245,12502,792,mela_rossa
0.0934677, 0.0026203,2.15156e-007,7.59491e-010,1.10789e-009,8.52641e-019,9.45055e-014,-5.5299e-019,63.2117,4.23785,9281,828,mela_rossa
0.0953484, 0.00170449,9.31088e-009,3.98049e-011,1.05638e-010,5.24583e-021,-3.71787e-015,-4.40521e-021,66.101,4.75821,13175.5,586,mela_rossa
0.0850486, 0.00280018,3.45859e-007,1.51693e-009,7.58395e-010,7.46111e-019,7.62445e-014,-3.24041e-019,60.9605,4.03748,17606.5,588,mela_rossa
0.0753338, 0.00167846,9.41748e-009,3.99068e-011,9.84594e-011,4.66736e-021,-3.54463e-015,-4.03811e-021,58.6473,4.85132,13163,588,mela_rossa
0.0615583, 0.00268559,3.46611e-007,1.40562e-009,6.13869e-010,5.49564e-019,5.85723e-014,-1.52113e-019,50.3659,3.98364,16880,586,mela_rossa
0.0894754, 0.00407254,8.12342e-007,3.79876e-009,8.28321e-009,4.63523e-017,-7.29004e-013,-3.22384e-018,62.8111,4.1792,12088,792,mela_rossa
0.0986624, 0.00334476,1.10749e-006,5.68337e-009,7.43519e-009,4.73246e-017,5.60818e-012,9.82032e-018,66.0696,3.83209,8414,887,mela_rossa
0.0706942, 0.00168429,7.75242e-009,4.12296e-011,1.02242e-010,5.45763e-021,-3.04838e-015,-3.77881e-021,56.809,4.70833,13120.5,589,mela_rossa
0.0561559, 0.00271554,3.6996e-007,1.49601e-009,6.4388e-010,6.13314e-019,8.71641e-014,-1.52288e-019,48.0424,3.89883,17140.5,586,mela_rossa
0.0543331, 0.00198133,5.06354e-008,1.8761e-010,1.67214e-010,2.69013e-020,-4.98352e-015,-1.23885e-020,47.9513,4.47898,13391.5,573,mela_rossa
0.0997098, 0.00217497,8.73663e-008,4.07762e-010,3.27277e-010,1.18272e-019,2.72441e-014,-1.74835e-020,67.6148,4.05047,15800,621,mela_rossa
0.0661273, 0.00200501,5.46214e-008,1.63033e-010,1.71737e-010,2.5265e-020,-7.45055e-015,-1.36917e-020,54.5452,4.51794,13614.5,569,mela_rossa
0.107148, 0.0024752,1.055e-007,1.15425e-009,1.10728e-009,1.21639e-018,2.97234e-013,-2.95595e-019,68.7062,4.09724,12369.5,795,mela_rossa
0.0754113, 0.00201077,5.09954e-008,1.53226e-010,1.77714e-010,2.57942e-020,-8.56685e-015,-1.39519e-020,57.7646,4.5615,13625.5,569,mela_rossa
0.120821, 0.002463,1.09913e-007,1.29677e-009,1.09413e-009,1.27703e-018,3.02385e-013,-2.6024e-019,71.9469,4.05115,12169.5,799,mela_rossa
0.109567, 0.00248994,1.26543e-007,1.19304e-009,1.16036e-009,1.32819e-018,3.45775e-013,-3.15991e-019,68.9065,4.02923,12341,795,mela_rossa
0.0611399, 0.00205242,1.29797e-007,1.7815e-010,1.48617e-010,-3.53763e-021,-4.29633e-014,-2.3922e-020,51.2923,4.66644,14079.5,579,mela_rossa
0.102321, 0.0025095,1.45812e-007,1.38026e-009,1.2762e-009,1.6409e-018,4.02908e-013,-4.19943e-019,67.5752,4.07079,12253,797,mela_rossa
0.0617194, 0.00203304,1.40688e-007,2.19158e-010,1.35165e-010,-5.92801e-021,-4.09617e-014,-2.24955e-020,51.2903,4.80491,13968.5,581,mela_rossa
0.10766, 0.00247129,1.11135e-007,1.18661e-009,1.1163e-009,1.24346e-018,3.02e-013,-3.23139e-019,68.5547,4.06863,12153.5,798,mela_rossa
0.0588887, 0.00203084,1.42963e-007,2.16446e-010,1.35341e-010,-4.07659e-021,-3.83309e-014,-2.28028e-020,50.3149,4.69258,14017.5,576,mela_rossa
0.105536, 0.00248973,1.17565e-007,1.36227e-009,1.19878e-009,1.46268e-018,3.18248e-013,-4.55429e-019,68.2109,4.04807,12283,799,mela_rossa
0.0593281, 0.00204206,1.38851e-007,2.21047e-010,1.28211e-010,-7.3428e-021,-4.12478e-014,-2.02964e-020,50.0359,4.67454,13990.5,578,mela_rossa
0.106825, 0.00249834,1.17889e-007,1.37202e-009,1.23747e-009,1.53702e-018,3.36806e-013,-4.87343e-019,68.4384,4.06729,12313.5,796,mela_rossa
0.042349, 0.00200053,1.03648e-007,1.6608e-010,1.17966e-010,-8.94402e-021,-3.57812e-014,-1.38795e-020,41.3803,4.70905,14114,576,mela_rossa
0.0990617, 0.00294323,3.5379e-007,2.53178e-009,2.28972e-009,5.4814e-018,1.33986e-012,-5.89351e-019,66.0934,3.74317,10722.5,782,mela_rossa
0.0813378, 0.00410519,9.59263e-007,4.58816e-009,8.79616e-009,5.57061e-017,2.62121e-013,4.40919e-018,60.0754,4.15016,12160.5,797,mela_rossa
0.0942106, 0.00330263,1.02528e-006,5.30497e-009,7.11564e-009,4.28715e-017,5.18872e-012,8.56264e-018,64.4996,3.90173,8291.5,887,mela_rossa
0.0527816, 0.00233558,2.61343e-008,3.65125e-010,3.63161e-010,1.24713e-019,2.99197e-014,-4.39845e-020,49.2485,4.37379,14598.5,559,mela_rossa
0.104195, 0.00316773,5.44178e-007,3.16933e-009,3.41462e-009,1.11197e-017,2.45217e-012,-1.59141e-018,67.3054,3.8753,10906.5,776,mela_rossa

0.0799342, 0.00296074,4.08802e-007,2.84262e-009,2.49639e-009,6.65007e-018,1.58974e-012,-1.36688e-020,59.0563,3.7734,10466,781,mela_rossa
0.0364643, 0.00210554,1.5026e-008,1.7475e-010,2.3161e-010,3.76109e-020,3.27378e-015,2.75058e-020,39.1322,4.48909,13530,604,mela_rossa
0.0702714, 0.00295337,4.57437e-007,2.97385e-009,2.3888e-009,6.35422e-018,1.59649e-012,-4.01841e-019,56.3451,3.69935,10312.5,780,mela_rossa
0.0773963, 0.0025014,1.46843e-007,1.7077e-010,2.15046e-010,-4.32603e-021,-8.23528e-014,4.09823e-020,58.9146,4.42307,28115.5,117,mela_rossa
0.102353, 0.00305135,3.6116e-007,3.71323e-009,2.81289e-009,9.04433e-018,1.68248e-012,-9.18494e-019,66.7036,3.79137,10404.5,785,mela_rossa
0.090859, 0.00243899,1.34685e-007,1.57443e-010,1.95407e-010,-9.44163e-021,-7.16281e-014,3.29485e-020,64.4293,4.50961,28598,118,mela_rossa
0.112562, 0.0029841,3.83434e-007,3.04349e-009,2.46762e-009,6.74675e-018,1.51438e-012,-4.60165e-019,69.0856,3.83556,10654,785,mela_rossa
0.130658, 0.00251537,9.74939e-008,1.97514e-010,2.61389e-010,3.39253e-020,-7.48032e-014,4.87495e-020,74.4737,4.46188,28748,116,mela_rossa
0.136829, 0.00295185,3.17855e-007,2.59002e-009,2.24689e-009,5.41317e-018,1.25853e-012,-2.78353e-019,74.0212,3.81211,10973,785,mela_rossa
0.0712914, 0.00220624,8.34238e-008,5.03686e-012,6.42859e-011,2.25839e-022,-1.35798e-014,-1.13453e-021,56.0307,4.60177,27745.5,121,mela_rossa
0.0984983, 0.00303988,3.95511e-007,3.1438e-009,2.60178e-009,7.41961e-018,1.62174e-012,-5.6419e-019,65.6357,3.83414,10728,779,mela_rossa
0.0604814, 0.00217357,7.48182e-008,8.76342e-012,6.38296e-011,1.32322e-021,-1.22704e-014,-7.26679e-022,51.1897,4.53835,27543.5,118,mela_rossa
0.0845851, 0.0030299,4.99645e-007,3.37097e-009,2.80864e-009,8.63167e-018,1.97084e-012,-4.25225e-019,61.7237,3.78584,10485,781,mela_rossa
0.0689766, 0.00216325,8.28184e-008,9.98209e-012,6.22132e-011,1.33724e-021,-1.38153e-014,-7.84487e-022,54.7198,4.66075,27664,119,mela_rossa
0.0885842, 0.00302491,4.35595e-007,3.88123e-009,2.69636e-009,8.64838e-018,1.74189e-012,-1.1365e-018,62.5355,3.78755,10589,781,mela_rossa
0.0902126, 0.00224567,5.81925e-008,4.50824e-011,8.82781e-011,4.68113e-021,-1.74192e-014,-3.01688e-021,63.404,4.6151,28636,119,mela_rossa
0.105032, 0.00309579,3.68172e-007,3.99083e-009,3.0638e-009,1.0684e-017,1.82584e-012,-7.92076e-019,67.5351,3.82914,10804,786,mela_rossa
0.0801097, 0.00462377,2.40304e-006,3.90324e-009,1.63874e-008,1.18318e-016,-5.43932e-012,5.6374e-017,58.8029,4.10104,10042,809,mela_rossa
0.0736671, 0.00371307,1.3498e-006,1.05216e-008,1.47707e-008,1.83088e-016,1.20364e-011,1.96357e-017,57.629,3.79737,8592,870,mela_rossa
0.0634875, 0.00275127,1.8243e-007,4.06781e-010,1.14482e-009,7.73419e-019,-2.69946e-013,1.10252e-019,53.8672,4.46466,20192,407,mela_rossa
0.0923733, 0.00400986,1.46722e-007,6.58471e-009,1.56197e-008,1.53077e-016,5.05898e-012,-4.07469e-017,63.6574,3.88507,11358.5,782,mela_rossa
0.0632131, 0.00204358,4.09043e-008,3.84089e-011,2.1406e-010,1.91315e-020,-4.08413e-014,-3.27474e-021,53.738,4.58755,14454,539,mela_rossa
0.0960633, 0.00346756,3.5052e-007,6.33138e-009,6.23205e-009,3.87076e-017,3.59375e-012,-5.84665e-018,65.0188,3.88189,10955,784,mela_rossa
0.0924958, 0.00406736,2.49957e-008,4.82337e-009,1.54145e-008,1.27109e-016,1.33323e-012,-3.88489e-017,64.5281,3.92219,11450.5,782,mela_rossa
0.0952031, 0.00409613,2.81819e-007,3.98174e-009,1.69753e-008,9.76116e-017,-7.84751e-012,-9.97457e-017,64.7891,3.8398,10558.5,784,mela_rossa
0.0547089, 0.00276008,1.42432e-007,3.05619e-011,1.27077e-009,2.39473e-019,-4.07801e-013,7.32767e-020,49.4668,4.58955,13996,623,mela_rossa
0.0871131, 0.00415258,1.62238e-007,6.77788e-009,1.77193e-008,1.91652e-016,7.13342e-012,-3.12654e-017,62.3517,3.85454,11378.5,783,mela_rossa
0.0558061, 0.00274889,1.29654e-007,3.71635e-011,1.28969e-009,2.51405e-019,-4.09725e-013,-1.28517e-019,49.7101,4.5662,14017.5,628,mela_rossa
0.0840423, 0.00413298,1.21497e-007,6.01997e-009,1.64783e-008,1.61271e-016,5.71951e-012,-3.04575e-017,61.6856,3.87346,11388,783,mela_rossa
0.0585878, 0.00265878,1.03869e-007,2.91089e-011,1.09813e-009,1.58192e-019,-3.30662e-013,-1.16284e-019,50.7651,4.74192,13945.5,624,mela_rossa
0.0927156, 0.00398657,1.68937e-007,6.34401e-009,1.38341e-008,1.26654e-016,5.51292e-012,-2.74791e-017,63.5669,3.88206,11298.5,781,mela_rossa
0.049216, 0.00189759,2.23168e-008,3.26002e-011,9.13267e-011,3.68955e-021,-4.46017e-015,-3.34953e-021,47.0488,4.85389,16658,549,mela_rossa
0.105975, 0.00284486,5.99593e-008,1.67982e-009,1.16308e-009,1.21819e-018,5.06484e-014,1.07656e-018,68.0626,4.20638,16517.5,708,mela_rossa
0.0727001, 0.00337222,4.7766e-007,7.64206e-009,1.15891e-008,1.08527e-016,6.20965e-012,-1.08156e-017,57.4871,3.98001,13350.5,677,mela_rossa
0.0815504, 0.00461299,2.4925e-006,6.21084e-009,1.65017e-008,1.50166e-016,-2.54364e-012,7.32017e-017,58.8082,4.15906,10513.5,803,mela_rossa
0.0401489, 0.00227626,1.27112e-007,1.20797e-010,2.00738e-010,1.37303e-020,-2.90632e-014,-2.80819e-020,39.3814,4.54677,16264,582,mela_rossa
0.0707774, 0.00324294,2.82746e-007,2.52832e-009,2.78702e-009,6.68436e-018,3.45551e-013,-3.17064e-018,55.4702,3.93652,15591.5,766,mela_rossa
0.0670162, 0.00251759,1.9929e-007,1.00776e-009,8.81982e-010,8.31026e-019,3.17744e-013,2.84163e-020,54.9038,3.92263,14402.5,773,mela_rossa
0.0375476, 0.00195714,3.77678e-009,5.67155e-011,1.44783e-010,1.30353e-020,8.79614e-015,-1.48716e-021,39.0983,4.67734,14175,670,mela_rossa
0.0665971, 0.00249462,1.50046e-007,9.22224e-010,8.32325e-010,7.29205e-019,2.40766e-013,4.44829e-021,54.1945,3.9147,14509,780,mela_rossa
0.0893948, 0.00225908,2.51103e-008,2.80935e-010,2.7978e-010,7.20835e-020,4.30693e-014,3.09273e-020,64.0688,4.23336,19879.5,580,mela_rossa
0.0307878, 0.00218769,1.2094e-008,1.92955e-010,2.0073e-010,2.67495e-020,2.17462e-014,2.907e-020,33.3988,4.36308,11464.5,778,mela_rossa
0.0883392, 0.00221354,3.42067e-008,2.89649e-010,2.69949e-010,7.08748e-020,3.89637e-014,2.59754e-020,63.3502,4.21417,18977.5,601,mela_rossa
0.0213283, 0.00218227,1.39991e-008,1.42471e-010,2.09708e-010,3.44376e-020,2.44805e-014,1.13127e-020,23.7072,4.38191,11486.5,777,mela_rossa
0.0569268, 0.00302463,4.04099e-007,1.25273e-009,1.06316e-009,-2.14283e-020,-3.69158e-013,-1.22676e-018,49.0089,4.38925,12360.5,771,mela_rossa
0.0560694, 0.0019921,4.25288e-008,4.42787e-011,1.30814e-010,1.83171e-021,-2.1397e-014,-9.78591e-021,50.2061,4.84811,15291,617,mela_rossa
0.102383, 0.0032775,6.52565e-007,3.60191e-009,3.48271e-009,1.23013e-017,2.67733e-012,-9.12396e-019,66.2087,3.9251,12791,824,mela_rossa
0.0388324, 0.00189724,2.91738e-008,1.0104e-011,6.23601e-011,9.36524e-022,-5.47988e-015,-1.25427e-021,39.1366,4.77093,19956.5,417,mela_rossa
0.0795733, 0.00261614,1.42316e-007,1.37989e-009,1.22388e-009,1.57304e-018,4.45254e-013,2.34955e-019,59.2902,3.9363,17210.5,583,mela_rossa
0.0354167, 0.00193403,2.90329e-008,1.10851e-011,6.6841e-011,9.80229e-022,-6.03021e-015,-1.53279e-021,36.1368,4.80434,20019,419,mela_rossa
0.0695055, 0.00264016,1.6187e-007,1.28983e-009,1.2418e-009,1.53061e-018,4.65992e-013,3.56603e-019,54.8828,3.95963,17495,584,mela_rossa
0.0547734, 0.00192673,3.88869e-008,1.52091e-011,7.12354e-011,1.30443e-021,-8.70396e-015,-1.9484e-021,49.4807,4.72199,19727,414,mela_rossa
0.124016, 0.00260545,3.10617e-007,1.09676e-009,1.2497e-009,1.40094e-018,5.93558e-013,4.2185e-019,72.1064,4.06263,19971.5,495,mela_rossa
0.0707854, 0.0034312,5.08711e-007,8.60274e-009,1.30136e-008,1.36688e-016,7.50379e-012,-1.66117e-017,56.5348,4.01193,13236.5,671,mela_rossa
0.0660026, 0.00490089,1.79591e-006,1.50033e-008,3.00758e-008,6.32772e-016,-5.30249e-013,8.81325e-017,54.0921,3.51936,10592,793,mela_rossa
0.0560964, 0.00192451,3.37693e-008,1.167e-011,7.01818e-011,1.26175e-021,-8.09613e-015,-1.56271e-021,50.0543,4.74646,19737.5,420,mela_rossa
0.120535, 0.00258402,2.72738e-007,9.33786e-010,1.16966e-009,1.17556e-018,4.97119e-013,3.35123e-019,71.1764,4.12201,19827,495,mela_rossa
0.0900893, 0.00250954,1.93749e-007,5.53751e-010,6.78813e-010,3.74193e-019,1.5942e-013,1.82173e-019,63.6839,4.09491,20246,501,mela_rossa
0.0425376, 0.00196887,1.36017e-008,3.59045e-011,1.75953e-010,5.70528e-021,-1.99392e-014,-1.27686e-020,42.0281,4.77508,12395.5,743,mela_rossa
0.0926413, 0.00251099,2.06589e-007,5.08803e-010,6.86415e-010,3.53872e-019,1.84339e-013,1.98315e-019,64.0933,4.2847,20183,501,mela_rossa
0.0358417, 0.00196073,1.25655e-008,2.62756e-011,1.7338e-010,4.82744e-021,-1.87472e-014,-1.06603e-020,37.5742,4.72748,12379.5,743,mela_rossa
0.101909, 0.00250297,2.10617e-007,5.80177e-010,7.79702e-010,4.65613e-019,2.31423e-013,2.41274e-019,66.5609,3.94432,19393.5,498,mela_rossa
0.0404808, 0.00195971,1.35591e-008,2.94652e-011,1.77204e-010,6.39156e-021,-2.01747e-014,-1.10953e-020,39.912,4.7345,12117,745,mela_rossa
0.102972, 0.00247972,1.67919e-007,4.94469e-010,7.49449e-010,4.211e-019,2.07505e-013,1.75554e-019,66.5338,3.94184,19333.5,502,mela_rossa
0.0425173, 0.00194886,1.36327e-008,3.1003e-011,1.74767e-010,5.95123e-021,-2.01177e-014,-1.14051e-020,41.5402,4.73617,12083,744,mela_rossa
0.050289, 0.00216624,4.34161e-009,4.61691e-011,3.38692e-010,3.48381e-020,-1.65379e-014,-2.40846e-020,47.0823,4.72749,11407,794,mela_rossa
0.0509293, 0.00228717,4.97171e-009,7.12872e-011,4.83509e-010,6.13321e-020,-3.26595e-014,-6.55462e-020,47.4407,4.60525,11453,796,mela_rossa
0.0703977, 0.00221726,4.91124e-008,1.48939e-012,3.18425e-010,-6.9237e-021,-3.73263e-014,3.87166e-022,56.3865,4.88229,18984,471,mela_rossa
0.076424, 0.002233,5.09114e-008,1.46858e-012,3.35998e-010,-7.46031e-021,-4.05451e-014,2.25008e-022,58.4808,4.98443,19077.5,477,mela_rossa
0.0794454, 0.00222183,4.78579e-008,6.1074e-013,3.25495e-010,-2.97239e-021,-3.65391e-014,3.49664e-021,59.742,4.87293,18969.5,473,mela_rossa
0.0660401, 0.00208287,8.57882e-008,1.87612e-010,5.47526e-010,1.64029e-019,5.34467e-014,6.23632e-020,55.0322,4.91588,10205.5,740,mela_rossa
0.0657366, 0.00235549,2.37329e-007,3.00461e-010,3.51424e-010,1.08313e-019,1.3289e-013,3.61742e-020,55.5886,3.99805,19515,557,mela_rossa
0.0421832, 0.00274374,8.61595e-007,5.41372e-009,2.87859e-009,1.11095e-017,2.60066e-012,-2.39009e-018,39.47,4.83854,14897.5,600,mela_rossa
0.0660002, 0.0023415,2.38714e-007,2.94781e-010,3.39678e-010,1.02061e-019,1.29787e-013,3.37162e-020,56.0757,3.9859,19527,553,mela_rossa
0.0383617, 0.00279521,1.06089e-006,6.32784e-009,3.19617e-009,1.41492e-017,3.22761e-012,-2.53103e-018,36.6586,4.82195,14905,599,mela_rossa
0.0729714, 0.00230424,8.40436e-008,3.85e-010,4.59875e-010,1.92354e-019,1.2439e-013,2.10669e-020,57.0239,4.06027,16598.5,670,mela_rossa
0.0430238, 0.00206236,7.31468e-008,2.56769e-010,2.34338e-010,4.16478e-021,-1.4259e-014,5.73312e-020,44.1551,4.57937,12979,708,mela_rossa
0.0767935, 0.00230979,1.02479e-007,3.69948e-010,4.70907e-010,1.95251e-019,1.4244e-013,2.25568e-020,57.9774,3.99375,16602,671,mela_rossa
0.0512465, 0.00206738,7.88686e-008,2.59805e-010,2.36464e-010,3.60192e-021,-1.45063e-014,5.84991e-020,48.9135,4.53569,13018.5,711,mela_rossa
0.0762615, 0.00231781,8.04177e-008,4.5883e-010,4.92004e-010,2.32985e-019,1.34761e-013,1.90779e-020,58.3281,4.00864,16443,670,mela_rossa
0.0527391, 0.00207165,7.66511e-008,2.65125e-010,2.41276e-010,4.82041e-021,-1.46839e-014,6.08329e-020,49.5621,4.5686,12979.5,709,mela_rossa
0.088994, 0.00323748,1.5413e-007,3.9226e-010,2.24948e-009,2.0235e-019,-7.44575e-013,-2.10334e-018,63.1909,4.30138,14027,743,mela_rossa
0.0867703, 0.00349409,3.76647e-007,5.23382e-010,3.42531e-009,-1.9457e-018,-2.04534e-012,-4.15308e-018,62.0691,4.41261,14112.5,740,mela_rossa
0.0880828, 0.00388977,9.57678e-007,1.10069e-009,5.46633e-009,-1.14103e-017,-5.31805e-012,-7.04189e-018,62.9022,4.05988,13050,741,mela_rossa
0.104173, 0.00324745,1.05545e-007,1.02211e-009,2.00376e-009,1.56194e-018,-5.54894e-013,-2.40488e-018,65.9214,4.27096,13707.5,740,mela_rossa
0.0731129, 0.00351404,3.4769e-007,5.84598e-010,3.60729e-009,-8.68861e-019,-2.04336e-012,-5.16587e-018,56.9028,4.28976,13967.5,740,mela_rossa
0.0634526, 0.00219569,9.1716e-008,2.5295e-010,7.65291e-010,3.26686e-019,1.0452e-013,8.1551e-020,53.7644,4.69599,10271.5,740,mela_rossa
0.0636981, 0.00240095,1.14903e-007,2.61036e-010,5.96276e-010,-1.90567e-021,-7.1111e-014,2.35238e-019,54.6106,4.48291,12148.5,763,mela_rossa
0.0656076, 0.00256843,1.78422e-007,4.21328e-010,8.87551e-010,-5.62359e-020,-1.70252e-013,5.39829e-019,55.481,4.51087,12178.5,760,mela_rossa
0.0733952, 0.0026396,2.25826e-007,5.23265e-010,1.06872e-009,-1.13017e-019,-2.6005e-013,7.91167e-019,58.7587,4.44227,12202,759,mela_rossa
0.0640143, 0.00228682,9.96858e-008,1.85049e-010,4.11965e-010,1.23924e-021,-3.49552e-014,1.13739e-019,54.255,4.60843,12049.5,766,mela_rossa
0.0633815, 0.00251184,1.56545e-007,3.36347e-010,7.77137e-010,-5.61602e-020,-1.4305e-013,3.9333e-019,54.4607,4.50313,12189,761,mela_rossa
0.0755253, 0.00236202,9.93222e-008,2.25163e-010,5.06095e-010,1.36379e-020,-4.23038e-014,1.70297e-019,59.3264,4.56907,12149.5,765,mela_rossa
0.0700867, 0.00270759,2.05824e-008,2.75571e-010,1.1211e-009,4.53648e-019,1.31926e-013,4.27197e-019,56.9705,4.14999,16502,742,mela_rossa
0.0373688, 0.00224848,3.34153e-008,8.18846e-011,1.9552e-010,1.3219e-020,-3.45125e-014,2.09116e-020,36.9792,4.65468,20930,396,mela_rossa
0.0746699, 0.00220847,7.34357e-008,3.72492e-010,3.82134e-010,1.28993e-019,1.03197e-013,6.43922e-020,57.8761,4.12972,15200.5,746,mela_rossa
0.0409327, 0.00229781,3.24702e-008,8.60477e-011,2.08841e-010,1.62245e-020,-3.56121e-014,2.28151e-020,40.2629,4.66222,20970,394,mela_rossa
0.0800352, 0.00226184,8.18431e-008,3.83709e-010,4.12775e-010,1.4783e-019,1.17482e-013,7.16401e-020,60.4653,4.09933,15475,742,mela_rossa
0.039806, 0.00232565,3.00599e-008,1.05084e-010,2.23168e-010,2.14917e-020,-3.75294e-014,2.65721e-020,39.7337,4.55264,21062,390,mela_rossa
0.0890693, 0.00228467,8.48443e-008,3.91696e-010,4.47166e-010,1.68074e-019,1.3004e-013,8.23066e-020,63.1928,4.14028,15467,747,mela_rossa
0.0693566, 0.00217829,1.03689e-007,2.34867e-010,7.16883e-010,2.79107e-019,8.38727e-014,9.28924e-020,56.2091,4.75085,10304.5,738,mela_rossa
0.0484551, 0.00098134,1.76612e-008,2.73474e-011,1.56264e-011,-5.7908e-023,1.1895e-015,3.178e-022,17.6737,4.67741,15666.5,786,mela_gialla
0.0467558, 0.000982472,1.78807e-008,2.69844e-011,1.62577e-011,-3.63027e-023,1.23834e-015,3.38583e-022,17.7575,4.54379,15779,784,mela_gialla
0.0474235, 0.000993312,2.01129e-008,3.15479e-011,1.78348e-011,4.1217e-023,1.75524e-015,4.21035e-022,17.7028,4.6012,15543,786,mela_gialla
0.047392, 0.000991148,1.85494e-008,2.84184e-011,1.72841e-011,9.51986e-024,1.63692e-015,3.82944e-022,17.6646,4.60524,15566.5,784,mela_gialla
0.0717428, 0.00108473,2.82292e-008,9.69265e-013,5.99072e-012,1.40326e-023,-4.69562e-016,-3.38771e-024,15.2766,6.33592,28963.5,397,mela_gialla
0.0718063, 0.00108198,2.9497e-008,1.98305e-012,5.75515e-012,1.90735e-023,-4.7448e-016,-3.76987e-024,14.942,6.3371,29107.5,404,mela_gialla
0.0718408, 0.00108337,3.45889e-008,1.27653e-012,5.48301e-012,1.44615e-023,-5.43631e-016,1.13394e-024,14.9822,6.35918,29065,405,mela_gialla
0.0706485, 0.00107259,3.15166e-008,1.89484e-012,5.05129e-012,1.55571e-023,-4.55654e-016,1.48198e-024,15.2021,6.20703,28776,407,mela_gialla
0.0712175, 0.00108022,3.30787e-008,1.78837e-012,5.04932e-012,1.49888e-023,-5.11794e-016,-2.35826e-024,15.4836,6.23221,28656,402,mela_gialla
0.0728842, 0.00107777,3.16627e-008,1.49112e-012,5.18459e-012,1.43277e-023,-4.88093e-016,-1.58757e-024,14.9062,6.3325,28521.5,403,mela_gialla
0.0531988, 0.001014,1.06443e-008,8.10259e-012,5.34987e-012,4.85181e-024,-4.67602e-016,3.48873e-023,16.3954,5.31927,21081.5,488,mela_gialla
0.0533472, 0.00100547,1.14772e-008,7.09602e-012,9.98593e-012,-2.77884e-023,-1.04411e-015,7.93342e-023,16.755,5.42942,16362.5,763,mela_gialla
0.0471424, 0.000963769,1.60616e-008,6.0844e-012,4.74987e-012,1.5518e-024,-3.24442e-016,2.54876e-023,15.1939,5.18297,22672.5,552,mela_gialla
0.0503557, 0.000978435,1.51295e-008,2.04025e-012,4.347e-012,-1.05097e-023,-4.76989e-016,-7.55889e-024,15.9346,5.1233,23999.5,525,mela_gialla
0.054743, 0.00101648,1.04456e-008,6.28737e-012,5.45602e-012,2.23085e-024,-5.08095e-016,3.18778e-023,16.5469,5.42151,21004.5,487,mela_gialla
0.0511119, 0.00103803,2.31946e-008,2.95854e-011,1.42058e-011,1.67968e-022,-1.66657e-016,2.37914e-022,17.1041,5.08541,13641.5,765,mela_gialla
0.0711816, 0.00113443,2.36759e-008,8.39163e-014,1.187e-011,3.92492e-024,-1.82608e-015,-1.11776e-023,15.9896,6.59811,19246,585,mela_gialla
0.0706456, 0.00111621,2.19799e-008,8.41404e-013,1.07268e-011,6.69933e-024,-1.58993e-015,-3.15219e-023,15.0812,6.6001,19441,587,mela_gialla
0.0512592, 0.00094782,1.01681e-008,2.82782e-012,5.16951e-012,1.58208e-023,-5.19816e-016,-1.18475e-023,16.6054,5.39322,18043,611,mela_gialla
0.048874, 0.000942951,1.03673e-008,1.56892e-012,4.91438e-012,1.09123e-023,-4.92783e-016,-8.19355e-024,16.0058,5.25015,18199,614,mela_gialla
0.0478235, 0.000952196,1.23182e-008,1.42553e-012,5.19702e-012,1.17515e-023,-5.7178e-016,-7.87387e-024,16.8586,5.13556,18050,611,mela_gialla
0.0509984, 0.000936429,1.08035e-008,9.18346e-013,4.47471e-012,7.00476e-024,-4.58312e-016,-5.7632e-024,16.1807,5.35321,17982,609,mela_gialla
0.0505567, 0.00094724,1.14689e-008,1.479e-012,4.76456e-012,1.08365e-023,-5.03828e-016,-6.52215e-024,16.5794,5.32665,18005,611,mela_gialla
0.0481119, 0.00095083,8.79574e-009,2.78827e-012,5.64511e-012,1.59576e-023,-5.29427e-016,-1.57147e-023,16.0998,5.30339,18458.5,606,mela_gialla
0.04757, 0.000954088,9.64081e-009,3.04257e-012,5.78378e-012,1.87715e-023,-5.67373e-016,-1.53723e-023,16.8617,5.21624,18644.5,604,mela_gialla
0.0512331, 0.00104582,2.49444e-008,3.39813e-012,8.01701e-012,-2.18352e-023,-1.17308e-015,-3.56958e-023,17.5252,4.92545,11212,829,mela_gialla
0.0508389, 0.000976664,3.46574e-008,1.60064e-012,2.40695e-012,-1.35969e-024,-2.9618e-016,-4.52452e-024,17.6142,4.84553,16379,620,mela_gialla
0.0502563, 0.000982187,3.43506e-008,4.80183e-013,2.59029e-012,1.99443e-024,-2.61007e-016,-2.08991e-024,17.561,4.81018,16188,620,mela_gialla
0.0483587, 0.0010379,2.47444e-008,1.17161e-011,6.93802e-012,-1.36595e-023,-1.06979e-015,-6.10428e-023,17.2554,5.02584,18950,613,mela_gialla
0.0521408, 0.00103858,2.5721e-008,9.88141e-012,6.63395e-012,-1.33692e-023,-1.00641e-015,-5.20212e-023,17.1253,5.32209,18470,612,mela_gialla
0.054312, 0.000943609,1.18521e-008,4.231e-012,8.57641e-012,4.12476e-023,-5.70116e-016,3.1108e-023,17.3257,5.2175,12057.5,821,mela_gialla
0.0525347, 0.000922341,2.68237e-008,7.29766e-012,5.88151e-012,1.34128e-023,-6.23352e-016,3.61225e-023,17.7665,4.98214,10929,833,mela_gialla
0.0531274, 0.000917048,3.84063e-008,7.58301e-012,2.98374e-012,-5.17889e-024,-5.37639e-016,1.3214e-023,17.8155,4.98937,16794.5,594,mela_gialla
0.05348, 0.000916998,3.97069e-008,9.53142e-012,3.02268e-012,-5.08536e-024,-5.50627e-016,1.54068e-023,17.8125,5.00811,16713.5,593,mela_gialla
0.0532635, 0.000929406,2.72302e-008,7.0206e-013,3.20164e-012,4.79958e-024,-5.07613e-016,6.72663e-026,17.9732,4.96576,10908,826,mela_gialla
0.0514368, 0.000928548,1.99374e-008,8.27028e-013,3.99626e-012,7.01974e-024,-5.51153e-016,1.87211e-024,17.2405,5.01275,11217.5,823,mela_gialla
0.0503345, 0.000933503,2.55628e-008,1.33045e-013,3.64104e-012,6.00023e-025,-5.73372e-016,2.46212e-024,17.2348,4.92032,11207,821,mela_gialla
0.050883, 0.000934654,2.1655e-008,1.33341e-012,4.21317e-012,9.49133e-024,-5.81966e-016,3.1043e-024,17.2196,4.99104,11193.5,824,mela_gialla
0.0515682, 0.00094495,2.57358e-008,1.95596e-013,4.29692e-012,3.10122e-024,-6.7875e-016,-2.42904e-024,17.4752,4.98049,10951.5,824,mela_gialla
0.0548731, 0.00088483,9.03684e-009,4.31558e-012,4.85578e-012,-2.83398e-024,-9.95543e-017,-2.2047e-023,17.5236,5.09933,10353.5,825,mela_gialla
0.0551024, 0.000883257,8.55101e-009,3.00093e-012,4.4619e-012,-4.33881e-024,-1.12511e-016,-1.574e-023,17.4487,5.10451,10168.5,829,mela_gialla
0.0515123, 0.000868836,6.29492e-009,2.78859e-012,4.44166e-012,-5.59742e-024,-1.02889e-016,-1.45953e-023,16.8537,5.02847,10666.5,825,mela_gialla
0.0444626, 0.000997468,2.63635e-008,4.96808e-011,1.51571e-011,3.77321e-022,-7.39651e-016,-1.74998e-022,16.8395,4.61402,11937,817,mela_gialla
0.0460325, 0.000927427,4.03672e-009,3.69903e-013,9.01565e-012,1.63546e-023,4.57576e-016,1.89593e-024,16.0958,4.8952,17340.5,599,mela_gialla
0.042786, 0.000926587,4.1745e-009,6.37023e-013,8.84829e-012,2.1006e-023,4.52078e-016,-2.22694e-025,16.0313,4.64002,17393,605,mela_gialla
0.0495569, 0.00091581,2.238e-009,2.55958e-013,2.30478e-012,1.6826e-024,-3.95165e-017,-5.50046e-025,16.2789,5.0434,26449.5,307,mela_gialla
0.0511247, 0.000900998,1.61258e-009,4.42675e-013,2.07049e-012,1.88707e-024,-3.97962e-017,-6.06773e-025,16.2016,5.16613,26625.5,309,mela_gialla
0.0541392, 0.000953806,2.44913e-008,4.51132e-011,2.07344e-011,6.25241e-022,3.23199e-015,1.059e-022,18.841,4.9242,29896,219,mela_gialla
0.0476653, 0.000918929,1.23364e-008,7.03285e-012,3.01359e-012,5.89311e-024,-6.33688e-017,1.25599e-023,16.1882,4.90361,27379,299,mela_gialla
0.0489749, 0.000911332,1.39451e-008,7.07921e-012,2.99385e-012,2.7036e-024,-2.16491e-017,1.35151e-023,16.2853,5.00168,27079,295,mela_gialla
0.049786, 0.000926554,1.5861e-008,5.17495e-012,3.20039e-012,-4.18433e-025,-2.75961e-017,1.30176e-023,16.2584,5.06096,27065.5,293,mela_gialla
0.0454924, 0.000977524,1.43751e-008,9.40735e-012,6.44383e-012,2.94797e-023,-1.4878e-016,4.05961e-023,15.9872,4.94731,28338,293,mela_gialla
0.0487506, 0.000944291,1.62571e-008,6.07633e-012,3.95351e-012,-2.62594e-024,-9.06029e-017,1.91986e-023,16.18,5.03898,27124,298,mela_gialla
0.0443394, 0.000971706,1.42915e-008,6.31477e-012,5.9438e-012,4.42859e-024,-6.29146e-017,3.61443e-023,15.0929,5.00602,28395,296,mela_gialla
0.0457325, 0.000979798,1.56182e-008,6.26637e-012,6.24753e-012,3.33224e-024,-7.54545e-017,3.89482e-023,15.4043,5.12589,28293.5,294,mela_gialla
0.0484652, 0.000979743,1.48123e-008,6.97154e-012,5.63405e-012,6.4921e-024,-1.07807e-016,3.47078e-023,15.7438,5.12444,27912.5,292,mela_gialla
0.0482468, 0.000977227,1.4571e-008,6.53438e-012,5.6788e-012,6.40194e-024,-1.04902e-016,3.39953e-023,15.7879,5.09678,27997.5,292,mela_gialla
0.0459694, 0.000968258,1.46918e-008,6.54764e-012,5.37327e-012,7.83864e-024,-6.37787e-017,3.08924e-023,15.898,4.90113,28141.5,292,mela_gialla
0.0554003, 0.000959622,1.21552e-010,1.10813e-012,1.115e-011,-2.05224e-023,7.04958e-017,3.33907e-023,17.6008,5.17396,14561.5,759,mela_gialla
0.0520581, 0.00115049,2.87966e-008,3.54694e-011,1.90289e-011,3.50048e-022,1.04024e-016,3.4909e-022,18.5388,4.98259,11144,876,mela_gialla
0.0501656, 0.00100953,3.85391e-009,5.23158e-012,1.73056e-011,3.45723e-023,8.67798e-016,1.60992e-022,17.4546,4.8581,15896,760,mela_gialla
0.0570702, 0.000989614,5.05045e-009,2.47719e-012,6.19358e-012,2.40467e-023,-4.11643e-016,-3.21056e-024,17.2127,5.34795,19435,611,mela_gialla
0.0562252, 0.000990999,5.91103e-009,7.95837e-013,6.25899e-012,1.2698e-023,-4.42823e-016,-5.82205e-024,17.3249,5.28378,19577,611,mela_gialla
0.0506213, 0.000964488,7.34584e-009,5.78183e-012,1.1573e-011,6.06576e-023,-4.10015e-017,7.26819e-023,17.4996,4.8945,15711.5,746,mela_gialla
0.055706, 0.000995789,1.06506e-008,4.46995e-011,1.74514e-011,-4.36699e-023,9.67983e-016,4.85453e-022,18.9219,4.91342,13058.5,828,mela_gialla
0.0478463, 0.00105146,2.49382e-008,4.84018e-011,2.213e-011,-2.15639e-022,1.41546e-015,6.91429e-022,17.3795,4.71372,14689.5,827,mela_gialla
0.0477234, 0.000985573,8.12163e-009,1.67791e-011,1.63695e-011,-5.45962e-023,1.28765e-015,2.65742e-022,17.5932,4.63432,14963,803,mela_gialla
0.0528183, 0.000957318,3.03154e-009,8.64724e-012,6.03231e-012,3.97963e-023,-4.52672e-017,-1.77312e-023,17.6705,4.96854,18488,614,mela_gialla
0.0521515, 0.000974772,2.75292e-009,1.05551e-011,7.64139e-012,6.23295e-023,-3.16781e-017,-2.87158e-023,17.7296,4.90428,18574,609,mela_gialla
0.0457163, 0.000971979,3.82188e-008,2.46226e-011,1.13702e-011,1.90188e-022,3.01771e-016,-4.76932e-024,18.5189,4.21936,12808,773,mela_gialla
0.0556444, 0.00114824,2.51539e-008,3.61388e-011,1.89211e-011,3.60607e-022,-1.1658e-017,3.3877e-022,18.893,5.23429,11179.5,876,mela_gialla
0.0469306, 0.000967249,3.28094e-008,1.76964e-011,1.0986e-011,1.5183e-022,3.04362e-017,-2.02866e-023,18.5773,4.31335,12795.5,777,mela_gialla
0.0513478, 0.000941007,3.115e-008,2.86539e-012,8.23308e-013,5.96584e-025,-1.31499e-016,1.11498e-024,18.7919,4.55527,21700.5,471,mela_gialla
0.0498456, 0.00094113,3.50123e-008,4.79365e-012,1.00187e-012,8.47978e-025,-1.47066e-016,2.02522e-024,18.7771,4.44809,21640.5,470,mela_gialla
0.0508711, 0.000943903,1.48402e-008,4.96164e-012,3.77704e-012,1.84743e-024,-3.55269e-016,1.62462e-023,15.9178,5.29744,23091.5,530,mela_gialla
0.0511768, 0.000965404,1.35833e-008,4.44783e-012,4.63769e-012,9.82931e-024,-3.68997e-016,1.86292e-023,15.711,5.36153,23072,534,mela_gialla
0.0537253, 0.00107546,2.55353e-008,2.62545e-011,1.00534e-011,9.42972e-023,-1.81288e-016,1.33361e-022,18.2162,4.95721,10900.5,876,mela_gialla
0.0533296, 0.000943431,4.31817e-008,6.10971e-012,1.57619e-012,-1.89694e-024,3.26686e-016,4.5085e-024,18.5267,4.88971,20573,497,mela_gialla
0.0530517, 0.000936661,4.27621e-008,2.05001e-012,9.31314e-013,-1.27634e-024,1.73409e-016,1.64027e-025,18.5673,4.83862,20563,496,mela_gialla
0.0536151, 0.00089775,1.37692e-008,5.74709e-012,2.67048e-012,-5.50056e-024,-3.0744e-016,8.89906e-024,16.6992,5.25324,23060,525,mela_gialla
0.0527758, 0.000898271,1.38205e-008,5.04846e-012,2.63194e-012,-5.73548e-024,-3.05061e-016,7.69067e-024,16.6675,5.19572,23162,523,mela_gialla
0.0521759, 0.000899168,1.55752e-008,5.92865e-012,2.51623e-012,-6.78283e-024,-3.11583e-016,6.96015e-024,16.6757,5.14516,22863.5,527,mela_gialla
0.0505385, 0.00094849,1.2573e-008,4.10497e-012,4.10692e-012,-9.8255e-024,-4.56746e-016,1.37045e-023,15.1053,5.45225,23909,526,mela_gialla
0.0506867, 0.000952526,1.32695e-008,4.31119e-012,4.24263e-012,-1.07676e-023,-4.85214e-016,1.46045e-023,15.1428,5.46973,23907.5,527,mela_gialla
0.0496678, 0.000969899,1.60971e-008,5.92294e-012,4.62079e-012,-1.55025e-023,-5.82118e-016,1.85483e-023,15.5997,5.40238,23713.5,525,mela_gialla
0.0466085, 0.000911436,4.46795e-008,1.75193e-012,9.87209e-013,-1.29258e-024,-2.07201e-016,1.21656e-025,17.4961,4.45504,17922,582,mela_gialla
0.0508973, 0.00096645,1.30101e-008,8.76062e-013,4.93249e-012,-1.02322e-023,-5.19389e-016,6.58915e-025,15.7869,5.2385,22058,575,mela_gialla
0.0535965, 0.00112263,3.08444e-008,3.85703e-011,1.39776e-011,1.81761e-022,-3.29104e-016,2.68875e-022,18.3821,4.92014,10684.5,879,mela_gialla
0.0502033, 0.000939391,1.08629e-008,1.2972e-012,3.62909e-012,-4.37096e-024,-2.69856e-016,-6.54949e-024,16.6977,4.86845,21895.5,569,mela_gialla
0.0540678, 0.000952582,1.10344e-008,1.13084e-012,3.88262e-012,-6.1419e-024,-3.07386e-016,-5.3352e-024,16.7211,5.18776,21828,569,mela_gialla
0.053557, 0.000953633,1.12202e-008,9.82088e-013,3.98537e-012,-5.32738e-024,-3.26879e-016,-5.81252e-024,16.779,5.15151,21785.5,568,mela_gialla
0.0501629, 0.00093107,1.05763e-008,1.40496e-012,3.26637e-012,-3.9995e-024,-2.43981e-016,-5.74161e-024,16.7356,4.84583,21862.5,566,mela_gialla
0.0519083, 0.000948815,1.12985e-008,1.65659e-012,3.96904e-012,-5.17862e-024,-3.0023e-016,-8.76133e-024,16.9111,5.04557,21878,568,mela_gialla
0.0504564, 0.000996193,1.87134e-008,6.38359e-013,6.8641e-012,9.80963e-025,-5.2292e-016,-1.43349e-023,17.0505,4.88681,17559,717,mela_gialla
0.0518713, 0.00102981,1.62627e-008,8.83056e-013,9.61417e-012,1.0349e-023,-6.58348e-016,-2.60314e-023,17.2499,5.00121,18003.5,715,mela_gialla
0.0499948, 0.000957967,3.05638e-008,1.57283e-012,4.13187e-012,-2.92467e-024,-5.27757e-016,-1.0119e-023,18.0484,4.61149,15924,724,mela_gialla
0.0495658, 0.000972609,3.41624e-008,3.33034e-012,4.33415e-012,-1.40676e-023,-6.03134e-016,-8.55838e-024,17.9287,4.5942,15849,722,mela_gialla
0.0510027, 0.000976708,3.22431e-008,2.1475e-012,4.67067e-012,-4.78999e-024,-5.94227e-016,-1.39952e-023,17.9755,4.70373,15845,720,mela_gialla
0.053291, 0.00111689,2.88675e-008,3.5495e-011,1.36589e-011,1.77741e-022,-2.71591e-016,2.42609e-022,18.2051,4.94711,10978.5,874,mela_gialla
0.0308438, 0.00224716,4.19108e-007,4.89238e-009,2.25846e-009,4.0756e-018,1.18941e-012,-6.30455e-018,29.9021,1.40675,18126.5,757,bicchiere
0.0295685, 0.00235835,3.0471e-007,6.84651e-009,2.59655e-009,-2.49007e-018,5.17577e-013,-1.06609e-017,29.3548,1.3557,18118,755,bicchiere
0.025763, 0.00306001,1.23055e-006,8.78982e-009,4.65836e-009,1.93215e-017,4.49435e-012,-2.26986e-017,27.631,1.22699,18089,755,bicchiere
0.0256964, 0.00298354,6.34216e-007,1.0984e-008,5.46687e-009,1.61751e-017,3.40673e-012,-3.91536e-017,27.5939,1.223,18089.5,756,bicchiere
0.0356442, 0.00210164,2.29956e-007,4.16384e-009,1.17029e-009,-1.10487e-018,1.61644e-014,-2.3352e-018,31.8409,1.60148,18039,756,bicchiere
0.0338274, 0.0022948,1.8035e-007,6.88654e-009,1.61378e-009,-2.61299e-018,-8.75985e-014,-4.70262e-018,31.1892,1.52529,18069.5,752,bicchiere
0.0335159, 0.00214336,1.58561e-007,4.96725e-009,1.64265e-009,-2.29053e-018,-3.2437e-014,-4.09513e-018,31.0682,1.50544,18065.5,756,bicchiere
0.0332606, 0.0015114,5.71014e-007,5.55271e-010,9.55588e-010,6.14179e-019,7.19533e-013,-3.27584e-019,31.1279,1.4501,20359,705,bicchiere
0.0328235, 0.00166046,5.20016e-007,7.15998e-010,1.31484e-009,9.51054e-020,8.55175e-013,-1.2722e-018,30.9118,1.45279,20350.5,711,bicchiere
0.0343344, 0.00160828,5.79682e-007,5.58769e-010,1.0757e-009,6.24977e-019,8.03662e-013,-5.52189e-019,31.5231,1.52294,20341,708,bicchiere
0.0277192, 0.00431833,7.80797e-006,2.63479e-008,1.82919e-009,-1.09104e-017,-4.88003e-012,6.49785e-018,28.5441,1.29775,11654.5,883,bicchiere
0.0163269, 0.00759384,1.04432e-005,1.86988e-007,2.33043e-008,1.1714e-015,-2.84283e-011,9.97203e-016,22.3212,0.871004,17716.5,768,bicchiere
0.0120658, 0.00522932,1.00804e-005,6.67909e-008,1.22504e-007,1.10527e-014,3.86232e-010,-7.92303e-016,19.2796,0.673824,18007.5,747,bicchiere
0.0161011, 0.0042332,4.64227e-006,5.25497e-008,8.06133e-008,5.23416e-015,1.69078e-010,3.64057e-016,21.9706,0.88197,24955,539,bicchiere
0.0135851, 0.00779425,1.02623e-005,2.074e-008,1.7171e-008,3.17695e-016,3.16753e-011,6.38094e-017,20.6362,0.797813,24585.5,524,bicchiere
0.0191757, 0.0066774,1.974e-005,1.29629e-007,4.17809e-008,3.0484e-015,1.22566e-010,4.02131e-016,24.1346,0.957028,11679.5,879,bicchiere
0.0364471, 0.00250432,2.32011e-006,4.17865e-009,3.05576e-010,-1.9906e-019,-3.51639e-013,2.82148e-019,32.1826,1.58385,11863,874,bicchiere
0.0474256, 0.00110122,1.21413e-007,4.10326e-011,1.70976e-010,1.42538e-020,5.71065e-014,-1.38343e-021,36.3069,1.95221,18101,640,bicchiere
0.0503738, 0.00100659,8.78262e-008,1.32896e-011,8.51849e-011,2.74809e-021,2.44002e-014,-8.14158e-022,37.1029,2.05786,18165.5,639,bicchiere
0.0884117, 0.000982872,1.91025e-007,6.66456e-012,1.08716e-011,-2.80078e-023,4.54906e-015,8.81991e-023,45.0825,3.1606,17548,611,bicchiere
0.0512376, 0.00135557,2.71413e-007,1.22791e-009,5.46374e-010,4.47259e-019,1.2069e-013,-1.54449e-020,37.9113,2.05507,12604.5,859,bicchiere
0.0527778, 0.00123906,1.88241e-007,5.15005e-010,2.04316e-010,6.17817e-020,-8.94685e-015,-2.39913e-020,38.2913,2.10524,11817,856,bicchiere
0.0374406, 0.00111218,2.44236e-007,1.55558e-011,1.13011e-010,3.832e-021,5.54996e-014,-2.78709e-021,32.9439,1.61676,12854.5,850,bicchiere
0.034852, 0.00122054,3.60069e-007,5.54758e-011,2.37636e-010,2.66501e-020,1.41515e-013,5.85063e-021,31.9465,1.5226,12772.5,848,bicchiere
0.0536065, 0.000963775,1.236e-007,3.65999e-012,2.92871e-011,-2.28522e-022,1.02881e-014,1.99295e-022,38.5759,2.08699,19495.5,611,bicchiere
0.052529, 0.000989479,1.41234e-007,2.08513e-012,4.55201e-011,1.01325e-022,1.71065e-014,4.31747e-022,38.2393,2.05563,18966.5,610,bicchiere
0.0556692, 0.00096202,1.09127e-007,2.13599e-011,2.35041e-011,-1.90747e-022,7.13758e-015,4.90884e-022,38.2597,2.20575,19726,613,bicchiere
0.0422727, 0.00118169,3.19773e-007,5.00742e-011,5.56127e-011,1.88198e-021,1.57278e-014,2.25183e-021,34.4706,1.7868,13672.5,826,bicchiere
0.0405535, 0.00114134,2.9966e-007,8.20503e-011,4.50908e-011,8.50946e-022,1.86179e-014,2.60731e-021,33.9295,1.70722,13626.5,828,bicchiere
0.0389009, 0.00130581,1.40611e-007,1.74627e-010,6.37281e-010,2.11688e-019,2.34569e-013,-1.96148e-020,33.268,1.68026,18561.5,623,bicchiere
0.0391653, 0.0012601,1.4683e-007,1.96544e-010,5.84323e-010,1.9802e-019,2.08688e-013,-4.39226e-022,33.4511,1.67127,18560.5,624,bicchiere
0.0388622, 0.00112814,1.71223e-007,7.93876e-011,2.62113e-010,3.66278e-020,1.07234e-013,9.38229e-021,33.213,1.64858,19734.5,608,bicchiere
0.0403175, 0.00107119,1.61988e-007,6.25547e-011,7.30974e-011,-2.04778e-021,1.85582e-014,-4.49878e-021,33.5291,1.72974,13881.5,815,bicchiere
0.0564349, 0.00113358,5.81945e-009,3.42421e-010,3.1984e-010,9.78851e-020,-1.06991e-014,4.02761e-020,38.0864,2.30595,13868.5,815,bicchiere
0.0546646, 0.00109446,1.38182e-008,1.53605e-010,1.93042e-010,2.83416e-020,-1.45273e-014,1.73708e-020,37.6904,2.23483,13854,816,bicchiere
0.0464397, 0.00181107,1.96946e-007,2.00448e-009,4.84551e-010,-1.48322e-019,-1.96644e-014,-4.53922e-019,35.2863,2.005,19846.5,608,bicchiere
0.0505692, 0.00169088,1.48707e-007,2.05398e-009,3.39937e-010,-2.34075e-019,-1.11676e-013,-1.60915e-019,36.6079,2.13979,19897,608,bicchiere
0.0532357, 0.00163174,1.3769e-007,1.84544e-009,3.11836e-010,-2.34726e-019,-1.15706e-013,2.93888e-020,37.3623,2.22617,19897.5,607,bicchiere
0.0525566, 0.00165556,1.33508e-007,1.87948e-009,3.3742e-010,-2.61371e-019,-1.19795e-013,-6.23492e-020,37.1916,2.20377,19888.5,611,bicchiere
0.0496386, 0.00167664,1.3181e-007,1.8645e-009,3.46993e-010,-2.46102e-019,-9.93433e-014,-1.3165e-019,36.3311,2.11497,19884,604,bicchiere
0.0458863, 0.00181843,1.42699e-007,2.39628e-009,5.738e-010,-3.72389e-019,-1.20706e-013,-5.60388e-019,35.2276,1.98282,19881,607,bicchiere
0.0484603, 0.00164146,1.61731e-007,1.47878e-009,3.30073e-010,-7.97191e-020,-3.16507e-014,-2.16386e-019,35.9854,2.04784,19842.5,604,bicchiere
0.0500453, 0.00172006,1.52579e-007,1.9441e-009,3.86603e-010,-3.28131e-019,-1.41405e-013,-6.82999e-020,36.3992,2.13956,19858.5,604,bicchiere
0.0498294, 0.00109512,7.36122e-008,2.88374e-011,1.23642e-010,5.66312e-021,3.33407e-014,-4.73671e-021,36.7867,2.04585,18291.5,634,bicchiere
0.0481678, 0.00113946,8.56237e-008,4.10837e-011,1.60841e-010,1.2184e-020,4.70627e-014,-4.74303e-021,36.4205,2.00408,18272.5,637,bicchiere
0.034681, 0.00121983,2.61972e-007,1.20885e-010,3.30283e-010,6.53274e-020,1.68211e-013,9.36832e-021,31.6265,1.53038,13628.5,821,bicchiere
0.0373344, 0.00114839,2.17671e-007,1.24162e-011,1.80917e-010,8.24004e-021,8.36561e-014,-2.37171e-021,32.6218,1.61933,13625,823,bicchiere
0.0692061, 0.0011258,4.46848e-008,6.28667e-010,2.74905e-010,8.68087e-020,1.77739e-014,7.43306e-020,41.3045,2.68486,22142.5,494,bicchiere
0.0834472, 0.000906973,4.81318e-009,7.17985e-012,1.08933e-011,6.19185e-023,-1.08887e-016,-7.38052e-023,43.2658,3.07858,28137,263,bicchiere
0.0844466, 0.00104236,2.34098e-008,4.88971e-011,1.99202e-011,1.05614e-022,1.84904e-015,-6.12668e-022,43.3646,3.23277,28208,306,bicchiere
0.0866519, 0.000940153,1.49213e-007,6.37144e-011,1.78385e-011,5.81583e-022,6.84215e-015,1.53069e-022,48.1908,2.98225,11034.5,506,bicchiere
0.0604541, 0.00152581,7.43723e-008,2.57825e-010,4.45022e-010,1.16319e-019,1.05616e-013,-9.58804e-020,39.2382,2.49428,28202.5,310,bicchiere
0.0710212, 0.00103463,1.26746e-009,2.4493e-012,1.00181e-010,1.46251e-021,3.21804e-015,5.68918e-022,41.3549,2.74135,28088,273,bicchiere
0.0802643, 0.000885674,3.13357e-009,9.46426e-014,2.38454e-011,-1.75175e-024,1.08115e-015,-3.57791e-023,42.881,2.97443,28458,269,bicchiere
0.0783685, 0.00087695,9.48232e-010,9.56328e-013,2.60932e-011,-1.92616e-023,8.01428e-016,1.28914e-022,42.5998,2.89014,28147,269,bicchiere
0.0326462, 0.00325619,5.18534e-006,4.04698e-009,1.22243e-009,2.57649e-018,2.00936e-012,8.68545e-019,30.7714,1.28335,15980,683,bicchiere
0.0660622, 0.00107501,1.8563e-009,1.21685e-011,1.50306e-010,5.50538e-021,2.64952e-015,3.31827e-021,40.342,2.60967,26675,274,bicchiere
0.0755012, 0.000902402,6.30528e-010,7.96105e-013,3.37196e-011,5.25626e-024,5.5423e-016,1.74627e-022,42.2161,2.81947,27828,265,bicchiere
0.064831, 0.00102738,1.94052e-011,5.03778e-012,1.27924e-010,3.04954e-021,3.63909e-016,1.11646e-021,40.1301,2.55678,27244,269,bicchiere
0.066744, 0.00099627,1.00499e-009,2.91224e-012,1.02139e-010,1.75592e-021,-4.39647e-016,1.40859e-022,40.528,2.61697,26804.5,272,bicchiere
0.0499908, 0.00138212,2.90982e-008,1.04493e-010,5.55628e-010,6.29406e-020,-4.28558e-014,1.18164e-019,36.3242,2.11731,26352.5,271,bicchiere
0.0535098, 0.0013117,1.39388e-008,7.08721e-011,4.41008e-010,4.07215e-020,-1.89957e-014,6.64868e-020,37.3094,2.19669,26549,272,bicchiere
0.0582926, 0.00112917,2.63274e-009,1.94798e-011,2.0903e-010,4.96862e-021,-1.01358e-014,1.23785e-020,38.5167,2.33261,27223,271,bicchiere
0.00911444, 0.00962865,3.25797e-005,2.55467e-007,1.71985e-007,2.08701e-014,9.48356e-010,-2.93942e-014,16.5406,0.575056,15594,832,bicchiere
0.0139196, 0.00300491,2.18644e-006,2.19e-008,3.70384e-008,1.04754e-015,5.3976e-011,1.24206e-016,20.5323,0.769533,15090,785,bicchiere
0.0436879, 0.00150315,2.39261e-008,2.13474e-009,6.30744e-010,-4.48985e-019,-9.64332e-014,5.78007e-019,34.5507,1.88251,17833,777,bicchiere
0.035298, 0.00291756,4.00358e-006,3.04084e-009,8.11319e-010,1.24904e-018,1.03107e-012,2.52651e-019,31.9044,1.37287,15604.5,682,bicchiere
0.0420175, 0.00246662,1.86418e-006,6.56481e-009,4.60557e-010,-1.1017e-020,-4.1873e-013,-8.00746e-019,33.9401,1.79542,16069,845,bicchiere
0.0367376, 0.00163778,3.33947e-007,8.15162e-010,1.12415e-009,7.01065e-019,6.38949e-013,-8.16407e-019,32.0882,1.64511,22490,622,bicchiere
0.0252662, 0.00227458,6.60781e-007,4.77904e-009,3.9268e-009,5.36854e-019,2.74088e-012,-1.70025e-017,27.2868,1.20475,16765,806,bicchiere
0.0328265, 0.00245911,1.41452e-007,9.81204e-009,3.38747e-009,-1.93224e-017,-7.89607e-013,-2.8373e-018,30.9103,1.49741,18510,738,bicchiere
0.0249077, 0.00334392,2.27446e-006,7.23442e-009,4.74399e-010,-3.28974e-019,1.3333e-013,-8.14963e-019,27.2321,1.17907,16315.5,832,bicchiere
0.0657844, 0.00147873,4.32211e-007,1.42296e-009,7.60037e-011,-2.20032e-020,-3.13824e-014,1.18575e-020,39.9714,2.62444,17685.5,774,bicchiere
0.0597136, 0.00165326,5.55887e-007,2.06325e-009,1.20803e-010,-5.94572e-020,-8.2863e-014,-1.01092e-020,38.6291,2.43072,17808.5,773,bicchiere
0.0756597, 0.00106745,2.76824e-008,4.17484e-010,9.73369e-011,1.05426e-020,5.02744e-015,1.65489e-020,41.778,2.87595,23278.5,586,bicchiere
0.0405672, 0.00315336,4.73623e-006,3.93664e-009,6.72056e-010,1.07968e-018,7.7435e-013,1.70913e-019,33.7148,1.74206,15696.5,686,bicchiere
0.0750819, 0.00109191,3.13105e-008,4.42109e-010,1.13486e-010,1.47558e-020,7.37484e-015,2.0699e-020,41.7024,2.87095,23297.5,593,bicchiere
0.0396544, 0.00155676,1.87879e-007,9.2604e-010,9.60687e-010,4.88702e-019,3.96671e-013,-7.63041e-019,33.1751,1.71208,23394,592,bicchiere
0.0394547, 0.00152274,2.47159e-007,7.30775e-010,1.07019e-009,8.80188e-019,5.30953e-013,-3.47822e-019,33.1054,1.71976,23396,589,bicchiere
0.0444855, 0.00239661,6.15145e-007,4.36695e-009,2.39768e-010,-4.83509e-020,-9.44274e-014,-2.40533e-019,34.94,1.8939,21961.5,636,bicchiere
0.0392907, 0.00287484,7.12456e-007,7.06046e-009,5.15889e-010,1.03319e-019,-2.9946e-013,9.79144e-019,33.186,1.72664,21893,635,bicchiere
0.0390374, 0.00321597,2.49401e-006,9.45973e-009,1.52252e-009,5.19607e-018,1.66265e-012,2.52726e-018,32.9632,1.68322,21944,638,bicchiere
0.0370315, 0.00341287,2.60622e-006,1.23076e-008,1.73298e-009,7.70705e-018,1.77778e-012,2.15786e-018,32.2623,1.61513,21976.5,633,bicchiere
0.0376133, 0.00334094,2.40484e-006,1.25121e-008,1.90746e-009,9.03453e-018,1.76606e-012,2.28317e-018,32.4523,1.63687,21975.5,640,bicchiere
0.0566596, 0.0019093,1.4577e-006,6.94475e-010,5.62776e-010,2.38179e-019,6.30812e-013,2.58948e-019,38.3196,2.25302,14692,722,bicchiere
0.0343619, 0.00171837,2.23883e-007,1.65632e-009,1.36144e-009,-2.04379e-018,1.52271e-013,5.0906e-020,31.2987,1.54508,19323.5,740,bicchiere
0.0334372, 0.00173943,3.77162e-007,1.44017e-009,1.27129e-009,-9.9272e-019,4.69447e-013,-1.40483e-018,30.9514,1.51733,19308.5,735,bicchiere
0.0353023, 0.00178034,2.05377e-007,2.17027e-009,1.30765e-009,-2.14002e-018,2.51566e-013,-5.22584e-019,31.6695,1.57647,19305.5,735,bicchiere
0.0293452, 0.0020185,6.63209e-007,3.7032e-009,4.46978e-009,1.64395e-017,3.63104e-012,-7.77459e-018,29.2756,1.3636,22362,616,bicchiere
0.028903, 0.00211239,8.28665e-007,3.79283e-009,5.33688e-009,2.24314e-017,4.8581e-012,-8.56552e-018,29.0691,1.35819,22311.5,614,bicchiere
0.0295598, 0.0020093,7.61439e-007,2.70104e-009,4.33832e-009,1.43537e-017,3.78227e-012,-3.8099e-018,29.4595,1.36247,22231,613,bicchiere
0.108265, 0.000917235,1.38104e-007,1.31536e-010,6.05715e-012,1.27891e-022,1.80968e-015,1.13469e-022,46.2049,3.61694,20370,676,bicchiere
0.0306435, 0.00316728,1.082e-006,1.26095e-008,1.79985e-009,4.24518e-018,6.22976e-013,-7.44969e-018,29.9595,1.40119,20324.5,678,bicchiere
0.0396369, 0.00331929,3.96429e-006,2.28135e-009,2.80036e-009,2.26515e-018,5.55287e-012,6.70588e-018,33.2064,1.72284,21781,508,bicchiere
0.0269355, 0.0016395,6.51403e-007,1.45579e-009,2.30013e-009,4.06047e-018,1.84607e-012,-1.10828e-018,28.4075,1.23247,18583,759,bicchiere
0.0275953, 0.00190987,4.38151e-007,2.79827e-009,3.21427e-009,-1.03924e-018,1.60659e-012,-9.58363e-018,28.7225,1.26106,18527,761,bicchiere
0.0281507, 0.00190034,4.34111e-007,3.42362e-009,2.94883e-009,-4.51441e-018,1.23673e-012,-8.21025e-018,28.9605,1.28266,18499.5,757,bicchiere
0.0333625, 0.00146506,5.0682e-007,6.1305e-010,8.76787e-010,6.12897e-019,6.22122e-013,-1.93844e-019,31.2709,1.47529,18598.5,762,bicchiere
0.0337974, 0.00157716,3.1229e-007,1.32882e-009,9.15396e-010,-2.84943e-019,3.43331e-013,-9.68549e-019,31.4321,1.49935,18531,761,bicchiere
0.0449044, 0.00204726,5.46286e-008,3.86317e-009,9.20495e-010,-6.81641e-019,-1.44187e-013,-1.59638e-018,35.1827,1.93655,24486.5,535,bicchiere
0.0205812, 0.00465573,3.56905e-006,2.00964e-008,1.68716e-008,2.59366e-016,3.15192e-011,-1.71003e-016,24.9223,1.0464,24376.5,532,bicchiere
0.0421253, 0.00191063,3.20852e-007,1.05554e-009,9.29113e-010,7.99572e-019,4.79409e-013,-4.5529e-019,34.1127,1.81685,24456.5,529,bicchiere
0.042966, 0.00189506,2.70667e-007,1.23837e-009,8.43673e-010,7.84216e-019,3.98958e-013,-3.58698e-019,34.4154,1.85099,24425,531,bicchiere
0.043611, 0.0019102,2.33695e-007,1.71087e-009,9.46297e-010,8.9443e-019,3.56041e-013,-8.06079e-019,34.6478,1.87429,24408.5,531,bicchiere
0.0401599, 0.00316398,3.44531e-006,1.94029e-009,3.27678e-009,2.16603e-018,6.0625e-012,7.97337e-018,33.4598,1.73109,21888,505,bicchiere
0.0462474, 0.00164032,3.05313e-007,2.63941e-010,6.7896e-012,1.86354e-022,3.75038e-015,2.18822e-022,33.9057,2.53037,14568,473,tazzina
0.0452536, 0.00170317,3.17643e-007,2.72406e-010,1.52314e-012,1.3712e-023,5.9565e-016,-2.7831e-023,34.0864,2.42816,14606,474,tazzina
0.045683, 0.00114575,1.54711e-007,6.47623e-011,6.1172e-012,5.40259e-023,2.31388e-015,1.09113e-022,33.0552,2.79243,14077.5,465,tazzina
0.0466703, 0.00116225,1.53335e-007,6.48095e-011,9.58236e-012,2.27662e-022,3.67799e-015,7.20666e-023,33.6611,2.80466,14097,466,tazzina
0.050157, 0.00107412,1.44372e-007,1.06042e-010,1.31795e-011,4.89904e-022,4.50727e-015,-5.24734e-023,36.2603,2.92622,14165.5,465,tazzina
0.0493775, 0.001091,1.54231e-007,9.38357e-011,1.9403e-011,7.67433e-022,7.54904e-015,3.1063e-022,36.1385,2.91128,14103.5,464,tazzina
0.0498935, 0.00107722,1.43445e-007,7.87624e-011,1.46472e-011,4.13566e-022,5.53954e-015,2.76526e-022,36.4218,2.89858,14116,466,tazzina
0.048526, 0.00118135,1.64557e-007,9.91173e-011,1.8428e-011,5.58467e-022,7.40848e-015,5.55326e-022,35.083,2.7937,14154,463,tazzina
0.0483833, 0.00119521,1.91186e-007,9.39091e-011,1.72337e-011,5.46699e-022,7.53434e-015,4.26367e-022,34.842,2.79822,14118,467,tazzina
0.0483778, 0.00116744,1.89992e-007,9.55066e-011,1.58965e-011,5.64519e-022,6.89182e-015,2.5489e-022,35.3074,2.80627,14090.5,464,tazzina
0.0298869, 0.00114571,3.00789e-007,1.08926e-010,2.59326e-011,1.37446e-021,1.38936e-014,1.02469e-022,28.3105,2.73151,9963,625,tazzina
0.0322956, 0.00121936,4.04006e-007,1.60706e-010,3.39154e-011,2.40988e-021,1.95167e-014,-6.79578e-022,28.0538,2.55903,7189,787,tazzina
0.030126, 0.00184322,7.14431e-007,5.85853e-010,1.99022e-010,6.47812e-020,1.63983e-013,2.05385e-020,27.4114,1.93273,6042,767,tazzina
0.0492458, 0.00117385,2.08211e-007,6.17075e-011,7.48231e-012,1.14333e-022,2.84279e-015,1.13035e-022,35.3846,2.89316,9792,545,tazzina
0.0764573, 0.0012572,5.35403e-007,1.28928e-010,7.69093e-011,7.64099e-021,5.47712e-014,5.16937e-022,49.0295,2.62554,8771.5,595,tazzina
0.0714234, 0.00132124,5.97541e-007,1.90548e-010,1.27521e-010,1.98181e-020,9.74563e-014,1.54375e-021,46.9079,2.55643,8561,594,tazzina
0.0598936, 0.00135912,5.93512e-007,1.72235e-010,1.15415e-010,1.62683e-020,8.70757e-014,3.6999e-022,43.9331,2.46415,8676,594,tazzina
0.057114, 0.00159828,2.25878e-008,4.77891e-010,1.58043e-010,-3.95992e-020,2.3744e-014,-1.78431e-020,35.6954,3.23667,11249.5,512,tazzina
0.052056, 0.00183821,8.81655e-007,2.15019e-010,9.01833e-011,1.16461e-020,8.39495e-014,-4.69859e-021,37.8653,2.26273,7401.5,682,tazzina
0.050576, 0.00190103,9.37489e-007,2.23502e-010,8.74996e-011,1.10072e-020,8.17561e-014,-5.345e-021,37.6226,2.18377,7350.5,684,tazzina
0.0458799, 0.00127793,4.37356e-007,5.95559e-011,1.70778e-011,3.25711e-022,6.38824e-015,4.36518e-022,35.5513,2.61305,6703.5,707,tazzina
0.0472518, 0.00122268,4.05044e-007,8.70236e-011,3.57449e-011,1.82232e-021,1.92116e-014,8.08467e-022,37.2531,2.64939,6713,705,tazzina
0.0409269, 0.00170248,5.80289e-007,8.19382e-011,1.49592e-011,-5.22601e-022,-1.0133e-014,3.43582e-023,33.0085,2.38796,9414.5,570,tazzina
0.0624222, 0.00159055,4.72569e-007,4.02231e-011,2.38558e-012,9.5533e-024,-1.61254e-015,2.13264e-023,40.3878,2.60953,9323,570,tazzina
0.0605267, 0.00125511,6.2272e-007,1.20742e-010,4.80092e-011,3.6067e-021,3.35833e-014,-5.93711e-022,39.9566,2.43379,5134,825,tazzina
0.0509634, 0.00148459,9.73972e-008,4.3027e-010,8.48043e-011,-1.48703e-020,2.28992e-014,6.42592e-021,34.5972,2.91153,11416.5,508,tazzina
0.0611595, 0.00125621,5.9385e-007,1.53005e-010,4.68347e-011,3.72324e-021,2.97164e-014,-1.36229e-021,40.2177,2.44028,5189.5,826,tazzina
0.0441023, 0.00190544,1.52072e-006,5.10227e-010,2.69884e-010,9.40938e-020,2.88069e-013,-3.42953e-020,35.2873,1.93582,5063.5,826,tazzina
0.0657026, 0.0011582,2.97229e-007,1.15821e-010,5.50468e-011,4.18034e-021,2.98327e-014,1.35786e-021,44.3583,2.59237,8444,632,tazzina
0.0700627, 0.00109891,2.65712e-007,1.01337e-010,3.40192e-011,1.81037e-021,1.74091e-014,8.43952e-022,45.8812,2.68333,8455,632,tazzina
0.0693606, 0.00109494,2.7026e-007,9.83154e-011,4.64418e-011,3.04082e-021,2.41432e-014,7.75543e-022,45.7475,2.6949,8344,633,tazzina
0.0667978, 0.00115552,2.92021e-007,9.83154e-011,4.37015e-011,2.65346e-021,2.35546e-014,1.07923e-021,43.8344,2.68997,8352,633,tazzina
0.0633878, 0.00118407,3.25778e-007,1.16678e-010,5.59932e-011,4.08905e-021,3.12603e-014,1.93978e-021,42.916,2.6285,8439,634,tazzina
0.0654122, 0.00120419,3.26387e-007,1.51974e-010,7.31902e-011,7.45148e-021,4.1808e-014,2.01477e-021,42.8341,2.60077,8441.5,633,tazzina
0.0670711, 0.00119303,3.23969e-007,1.38411e-010,5.4965e-011,4.79094e-021,3.07133e-014,1.76356e-022,43.2674,2.63634,8423.5,635,tazzina
0.0681399, 0.00116484,3.21472e-007,7.43494e-011,2.15572e-011,8.54503e-022,1.22183e-014,1.21015e-022,43.4001,2.60684,8654,599,tazzina
0.0551732, 0.00146882,7.20564e-008,4.98428e-010,7.82644e-011,-1.3729e-020,1.69659e-014,7.10349e-021,36.2874,3.05229,11380.5,511,tazzina
0.0677725, 0.00117974,3.41901e-007,9.92851e-011,4.11239e-011,2.61397e-021,2.40371e-014,2.68689e-022,45.5999,2.64554,8650.5,598,tazzina
0.0570349, 0.00133029,5.00416e-007,2.91491e-010,2.02945e-010,4.78345e-020,1.43411e-013,1.21789e-020,39.7317,2.33048,8403,635,tazzina
0.0545333, 0.00143151,5.29985e-007,2.82593e-010,1.9867e-010,4.53626e-020,1.44626e-013,1.25767e-020,38.9411,2.29536,8415,632,tazzina
0.0830858, 0.000977801,8.78013e-008,7.02343e-011,3.25218e-011,9.04424e-022,9.56595e-015,1.26407e-021,44.711,3.14423,15375,320,tazzina
0.0783619, 0.00100153,1.73449e-007,8.49213e-011,2.82898e-011,1.31968e-021,1.17572e-014,4.25588e-022,47.7052,2.7905,10756.5,508,tazzina
0.0866519, 0.000940153,1.49213e-007,6.37144e-011,1.78385e-011,5.81583e-022,6.84215e-015,1.53069e-022,48.1908,2.98225,11034.5,506,tazzina
0.0825233, 0.000972044,1.49038e-007,7.14153e-011,2.24918e-011,8.39764e-022,8.67946e-015,3.27675e-022,50.3585,2.8625,10844,506,tazzina
0.0715776, 0.000998474,1.59887e-007,8.20275e-011,2.47969e-011,1.03752e-021,9.91354e-015,4.17445e-022,47.7675,2.83416,10720,507,tazzina
0.0722703, 0.00102713,1.91607e-007,9.17018e-011,2.7189e-011,1.13436e-021,1.1717e-014,7.45898e-022,47.5845,2.82142,10736,509,tazzina
0.0648358, 0.00106883,2.09194e-007,9.59e-011,3.4579e-011,1.72132e-021,1.55161e-014,1.0011e-021,45.5461,2.74402,10590,511,tazzina
0.0496759, 0.00135147,8.5775e-008,3.24302e-010,6.58684e-011,-9.15613e-021,1.23423e-014,-2.97392e-021,35.0785,3.091,11179,508,tazzina
0.0497391, 0.000982934,1.61756e-007,8.7461e-011,2.67448e-011,1.22656e-021,1.075e-014,4.10701e-022,44.5585,2.90104,10461,508,tazzina
0.0591955, 0.00101187,1.6956e-007,1.01113e-010,3.05865e-011,1.579e-021,1.25919e-014,6.32522e-022,45.6866,2.843,10467,511,tazzina
0.0417647, 0.000980764,1.72891e-007,8.12665e-011,2.31423e-011,9.45428e-022,9.62255e-015,3.3676e-022,42.7693,2.97157,10598.5,507,tazzina
0.0466174, 0.000985688,1.72522e-007,8.12313e-011,2.54834e-011,1.09442e-021,1.05818e-014,3.82802e-022,45.7002,2.96731,10513,508,tazzina
0.0360078, 0.00100726,1.71801e-007,9.14399e-011,3.00332e-011,1.45096e-021,1.24399e-014,6.09738e-022,34.3472,2.90442,10427.5,510,tazzina
0.0395801, 0.00101141,1.77768e-007,9.94157e-011,2.99835e-011,1.52817e-021,1.26416e-014,5.86937e-022,37.3949,2.91816,10430.5,509,tazzina
0.0371679, 0.0010112,1.75163e-007,8.84218e-011,2.84371e-011,1.32563e-021,1.19016e-014,5.25427e-022,35.3591,2.84863,10448,509,tazzina
0.043886, 0.00229827,1.33423e-006,1.25992e-009,8.82329e-010,9.10662e-019,1.01169e-012,1.90093e-019,34.9405,1.96231,12871,485,tazzina
0.051896, 0.00133747,9.17979e-008,3.06677e-010,5.9726e-011,-7.83305e-021,1.31639e-014,1.99558e-021,35.7758,3.16878,11190,510,tazzina
0.0477353, 0.0017133,3.57853e-007,8.11407e-011,4.51488e-012,-8.63383e-023,-2.61349e-015,3.64023e-024,34.7787,2.5794,10675,587,tazzina
0.0505874, 0.00171717,3.417e-007,7.41911e-011,5.31298e-012,1.73869e-023,-1.89579e-015,-1.0404e-022,35.6632,2.66117,10616,586,tazzina
0.036269, 0.00278684,2.41869e-006,1.00269e-009,7.66716e-010,5.75488e-019,8.36059e-013,-3.47479e-019,32.3193,1.6751,6355,843,tazzina
0.0286024, 0.00340702,3.39712e-006,3.44018e-009,5.0958e-010,1.06537e-019,-5.9063e-013,6.66234e-019,28.9286,1.40512,6513.5,823,tazzina
0.0398515, 0.00113595,2.57797e-007,1.45302e-010,2.94138e-011,1.91456e-021,1.34273e-014,-1.79168e-022,34.6497,2.69562,10516,601,tazzina
0.0572359, 0.00147794,2.43632e-008,3.32932e-010,5.09061e-012,-2.06001e-022,-5.82108e-016,3.85178e-023,36.4413,3.03716,10934.5,633,tazzina
0.0584715, 0.00182365,4.58233e-007,6.09016e-010,4.61645e-011,3.49584e-021,8.13211e-015,-6.90627e-021,39.2512,2.47634,11159,580,tazzina
0.0568269, 0.00177685,4.00365e-007,6.08082e-010,6.72359e-011,3.05714e-021,4.10059e-015,-1.32469e-020,38.946,2.40858,11047,580,tazzina
0.0530128, 0.00140114,4.06616e-008,2.78786e-010,7.24966e-011,-1.01106e-020,1.21564e-014,-2.00023e-021,36.161,3.18607,11205.5,508,tazzina
0.037453, 0.00220187,1.25557e-006,1.08289e-009,1.27596e-010,-1.46943e-020,-3.287e-014,-4.50958e-020,32.3127,1.91935,7253,793,tazzina
0.0399523, 0.00226262,1.33821e-006,1.10982e-009,1.65694e-010,2.70464e-020,4.55321e-014,-6.57045e-020,33.539,1.94634,7199,792,tazzina
0.0399628, 0.00210496,1.11931e-006,7.23947e-010,4.82204e-011,-6.10387e-021,-2.0667e-014,-6.62671e-021,33.3739,2.03201,7213.5,789,tazzina
0.0661682, 0.00129283,6.58925e-008,1.77082e-010,5.46421e-011,-2.18448e-021,1.06418e-015,-4.91107e-021,40.0106,3.27888,11735.5,508,tazzina
0.0279164, 0.00409734,5.58409e-006,2.72878e-009,5.01952e-010,3.01066e-019,-7.13993e-013,5.04448e-019,28.6221,1.34693,6286.5,815,tazzina
0.0303818, 0.00389288,4.99233e-006,3.79037e-009,9.2931e-010,1.3914e-018,-5.22251e-013,1.05168e-018,29.6924,1.45204,6226,815,tazzina
0.0377129, 0.00261375,2.1777e-006,8.70212e-010,7.91083e-011,2.48226e-021,-9.47159e-014,2.06071e-020,32.8433,1.78124,6590,815,tazzina
0.038881, 0.00248166,2.01523e-006,9.47665e-010,1.24296e-010,-3.38783e-020,-1.00007e-013,-2.59247e-020,33.1577,1.84689,6549.5,814,tazzina
0.0377915, 0.00263769,2.11908e-006,1.06898e-009,6.92209e-011,-1.83239e-020,-7.00815e-014,-4.33432e-021,32.7876,1.79098,6544.5,814,tazzina
0.0388298, 0.00147913,3.37933e-007,1.0323e-009,2.67701e-010,2.84888e-020,-1.25045e-013,1.37813e-019,32.5557,2.33533,7498,832,tazzina
0.0380309, 0.00153887,3.59533e-007,1.5273e-009,3.14293e-010,1.90268e-020,-1.59667e-013,2.1692e-019,32.3144,2.30247,7452,831,tazzina
0.0426706, 0.00157237,3.88957e-007,1.56736e-009,3.00927e-010,2.92109e-020,-1.43551e-013,2.04595e-019,34.1666,2.45819,7216.5,832,tazzina
0.0871989, 0.00126163,1.59193e-007,9.21076e-010,7.26113e-011,-1.80423e-020,-2.87459e-014,5.20551e-021,44.98,3.18392,8490,825,tazzina
0.0437755, 0.00159055,4.03023e-007,1.69256e-009,3.00613e-010,4.86077e-020,-1.01231e-013,2.08847e-019,34.5086,2.41411,7505,829,tazzina
0.0363744, 0.00227244,1.46964e-006,1.41368e-009,1.23232e-010,-2.71552e-020,-1.3543e-013,4.36828e-020,31.3269,1.92803,6779.5,842,tazzina
0.0378041, 0.002189,1.44095e-006,8.93153e-010,4.07775e-011,-2.99452e-021,-4.18725e-014,7.18283e-021,31.9944,2.0099,6626,838,tazzina
0.0383672, 0.00235326,1.75268e-006,1.46473e-009,1.37759e-010,-1.00944e-020,-1.44658e-013,6.1052e-020,32.3405,1.99758,5290.5,840,tazzina
0.0476018, 0.00119998,1.91813e-007,7.75002e-011,1.11177e-011,2.16547e-022,4.62111e-015,2.44144e-022,33.6987,2.83954,14471,474,tazzina
0.0475209, 0.00119968,1.85996e-007,8.0463e-011,1.29031e-011,3.53418e-022,5.50446e-015,2.18968e-022,33.8515,2.86752,14334,475,tazzina
0.0448431, 0.00112319,1.86445e-007,5.32329e-011,1.06524e-011,1.94233e-022,4.44473e-015,1.63157e-022,33.7854,2.83917,14364,476,tazzina
0.0360558, 0.00114989,2.13245e-007,1.72787e-011,9.86797e-012,5.98298e-023,3.76073e-015,1.14121e-022,27.538,2.73032,14138.5,475,tazzina
0.0381431, 0.00228325,6.08454e-007,3.1026e-010,5.94693e-011,7.73195e-021,1.06114e-014,-2.33891e-021,32.3995,1.96838,14526,474,tazzina
0.0425529, 0.0021537,5.01769e-007,5.87625e-010,2.67999e-011,3.34883e-021,-8.97898e-016,3.10258e-022,33.8191,2.18023,14353,473,tazzina
0.0405294, 0.00217536,4.88991e-007,4.5818e-010,3.32052e-011,1.37504e-021,1.65609e-014,-3.85797e-021,33.0675,2.09039,14325,475,tazzina
